sr no ,scheme_id,scheme_name,level,state,department,short_description,gender,min_age,max_age,category,income_ceiling_annual,occupation,business_type,disability_status,other_conditions,benefits_summary,application_process_summary,documents_required,last_verified_date,source_links,verification_status,tier,notes
,,,,,,,,,,,,,,,,,,,,,,,
1,,Micro Credit Finance,Central,All India,National Scheduled Castes Finance and Development Corporation (NSFDC) / Ministry of Social Justice and Empowerment,Loans for small income-generating activities with project/unit cost up to ₹1.40 lakh for eligible Scheduled Caste applicants.,Any,Not Specified,Not Specified,SC,300000,Not Specified,Income-generating activities,Not Specified,"Individual applicant must belong to Scheduled Caste community. Partnership Firms and Co-operative Societies are also eligible, subject to all members belonging to SC and each member's annual family income not exceeding ₹3 lakh.","Loan up to 90% of project cost, maximum ₹1.25 lakh per unit. Project/unit cost up to ₹1.40 lakh. Beneficiary interest rate 6.5% p.a. Repayment in quarterly instalments within maximum 3 years, including 3-month moratorium.","Applicants apply through authorised State Channelizing Agencies (SCAs) or other Channelizing Agencies (CAs), including RRBs, Public Sector Banks and NBFC-MFIs. Applications are scrutinized by the SCA/CA, appraised and processed through the respective agency and NSFDC before disbursement.",Passport-size photograph; Aadhaar Card; Income Certificate; Caste Certificate; Residence Proof; Bank Passbook/Bank Details; any other documents as required.,27-08-2026,https://nsfdc.nic.in/index.php/scheme / https://www.myscheme.gov.in/schemes/mcfnsfdc,Verified,Tier 1,"
Annual family income limit is ₹3 lakh in rural and urban areas, effective from 08-03-2018 according to the myScheme details. Eligibility verification is the responsibility of SCAs/CAs, with NSFDC retaining the right to re-verify."
2,,Aajeevika Micro-Finance Yojana (AMY),Central,All India,National Scheduled Castes Finance and Development Corporation (NSFDC) / Ministry of Social Justice and Empowerment,Prompt and need-based micro finance for eligible Scheduled Caste persons through selected NBFC-MFIs to pursue small or micro business activities.,Any,Not Specified,Not Specified,SC,500000,Not Specified,Small / micro business activities,Not Specified,Applicant must be an eligible Scheduled Caste person. Financial assistance is provided through selected NBFC-MFIs for pursuing small or micro business activities.,"NSFDC provides loan up to 90% of the project cost, with a maximum loan amount of ₹1.25 lakh for projects costing up to ₹1.40 lakh. NSFDC charges 5% interest from NBFC-MFIs, which in turn charge 15% interest from beneficiaries. The loan is repaid in quarterly instalments within a maximum period of three years, including a 3-month moratorium period.",Applicants obtain financial assistance through selected NBFC-MFIs associated with NSFDC. The loan is routed through the NBFC-MFI rather than being provided directly by NSFDC to the beneficiary.,Not Specified,27-08-2026,https://nsfdc.nic.in/index.php/scheme / https://www.dosje.gov.in/schemes-and-services/aajeevika-microfinance-yojana/,Verified,Tier 1,"Official NSFDC source confirms the loan limit, project cost, interest rate and repayment period. The provided sources do not specify age, gender, annual income ceiling or document requirements for AMY, so these fields are not assumed."
3,,Term Loan,Central,All India,National Scheduled Castes Finance and Development Corporation (NSFDC) / Ministry of Social Justice and Empowerment,Term loans for income-generating units costing more than ₹1.40 lakh and up to ₹50 lakh for eligible Scheduled Caste beneficiaries.,Any,Not Specified,Not Specified,SC,500000,Not Specified,Income-generating activities,Not Specified,The unit/project cost must be more than ₹1.40 lakh and up to ₹50 lakh. NSFDC provides assistance through State Channelizing Agencies (SCAs) and Channelizing Agencies (CAs).,"Term loan assistance up to 90% of the project cost, with a maximum loan amount of more than ₹1.25 lakh and up to ₹45 lakh per unit. The project/unit cost must be more than ₹1.40 lakh and up to ₹50 lakh. Beneficiary interest rate is 8% p.a. Repayment is through quarterly instalments within a maximum period of seven years, including a 6-month moratorium, or 12 months for plantation and construction activities.",Applicants apply through authorised State Channelizing Agencies (SCAs) or Channelizing Agencies (CAs). The agencies scrutinize and appraise the project proposal before forwarding eligible proposals for further processing and sanction by NSFDC.,Not Specified,27-08-2026,https://nsfdc.nic.in/index.php/scheme,Verified,Tier 1,"NSFDC and DoSJE sources confirm the same Term Loan parameters. Project/unit cost is more than ₹1.40 lakh and up to ₹50 lakh; maximum NSFDC loan is more than ₹1.25 lakh and up to ₹45 lakh. Interest charged to beneficiaries is 8% p.a. Repayment is within seven years with a 6-month moratorium, extended to 12 months for plantation and construction activities."
4,,Udyam Nidhi Yojana ,Central,All India,National Scheduled Castes Finance and Development Corporation (NSFDC) / Ministry of Social Justice and Empowerment,"Financial assistance for small and micro activities through Cooperative Societies, Cooperative Banks, and Small Finance Banks.",Any,Not Specified,Not Specified,SC,500000,Not Specified,Small / micro activities,Not Specified,"Loans are provided through Cooperative Societies, Cooperative Banks, and Small Finance Banks (SFBs) to pursue small or micro activities.","Loans are provided for projects/units costing up to ₹5 lakh. NSFDC provides up to 90% of the project cost, with a maximum loan of ₹4.50 lakh. Beneficiary interest rate is 13% through Cooperative Banks/Societies and 15% through Small Finance Banks. Repayment is through quarterly or half-yearly instalments within a maximum period of 5 years, including a 3-month moratorium.","Applicants obtain loans through Cooperative Societies, Cooperative Banks, and Small Finance Banks (SFBs).",Not Specified,27-08-2026,https://nsfdc.nic.in/index.php/scheme,Verified,Tier 1,"Official NSFDC source specifies maximum project cost of ₹5 lakh, maximum loan of ₹4.50 lakh, beneficiary interest rates of 13% through Cooperative Banks/Societies and 15% through Small Finance Banks, and repayment up to 5 years with a 3-month moratorium. Age, income, occupation, disability and document requirements are not specified in the provided source."
5,,Educational Loan Scheme (ELS),Central,All India,National Scheduled Castes Finance and Development Corporation (NSFDC) / Ministry of Social Justice and Empowerment,Educational loans for eligible Scheduled Caste students pursuing regular full-time professional or technical courses in recognized institutions in India or abroad.,Any,Not Specified,Not Specified,SC,300000,Student,Not Applicable,Not Specified,The applicant should be an eligible Scheduled Caste student pursuing a regular full-time professional or technical course approved/recognized by the Government in India or abroad. Courses must be pursued in recognized institutions. Higher education including M.Phil/PhD from recognized institutions is covered.,"Educational loan up to ₹40 lakh or 90% of the course fee, whichever is less. Beneficiary interest rate is 6.5% p.a. For loans where repayment has not started, repayment period is up to 12 years and moratorium is course period plus 1 year. Where repayment has started, repayment period is up to 10 years and moratorium is up to 6 months.","Applicants apply through the District Office of the State Channelizing Agencies (SCAs). The application is scrutinized by the SCA/CA, forwarded to its Head Office, examined and recommended for sanction, then appraised by NSFDC and processed for sanction. After acceptance of sanction terms and fulfilment of required norms, NSFDC disburses funds to the SCA/CA/authorised channel partner, which then disburses the loan to the beneficiary.",Passport-size photograph; Aadhaar Card; Income Certificate; Caste Certificate; Residence Proof; Valid Passport for study abroad; Valid Visa/Permit if applicable for study abroad; Educational Qualification Certificates; Admission Confirmation from educational institute with yearly fee and other charges payment schedule; Institute Identity Card if admission has already taken; Any other documents as required.,27-08-2026,https://nsfdc.nic.in/index.php/scheme / https://www.myscheme.gov.in/schemes/els-nsfdc,Verified,Tier 1,Applicant must be a Scheduled Caste student pursuing a regular full-time Professional or Technical course in a recognized institution in India or abroad. Annual family income must be less than ₹3 lakh in rural and urban areas. Education loan is provided as one-time assistance. Study-abroad applicants require valid passport and visa/permit where applicable.
6,,Credit Enhancement Guarantee Scheme for Scheduled Castes (CEGSSC),Central,All India,Ministry of Social Justice and Empowerment / IFCI Ltd.,"Credit guarantee support for eligible Scheduled Caste entrepreneurs to facilitate access to working capital, term loans or composite term loans through Member Lending Institutions.",Any,Not Specified,Not Specified,SC,Not Specified,Entrepreneur,Primary / Manufacturing / Service,Not Specified,"The enterprise must be promoted/run by Scheduled Caste entrepreneurs. Registered companies, registered partnership firms and registered societies must have more than 51% Scheduled Caste shareholding/membership with management control for at least the past 6 months. Sole proprietorship firms and individual SC entrepreneurs are eligible. SC promoters/partners/members must not dilute their stake below 51% during the currency of the loan. The credit facility must be without collateral security and/or third-party guarantee and must satisfy the scheme's eligibility conditions.","Credit guarantee cover is available for working capital loans, term loans and composite term loans. Individual SC entrepreneurs are eligible for guarantee cover on loan amounts up to ₹1 crore. The scheme provides guarantee cover according to the sanctioned loan amount: 100% for ₹0.15–₹1 crore, 80% for ₹1–₹2 crore, 70% for ₹2–₹5 crore and 60% for amounts above ₹5 crore, subject to the applicable maximum guarantee cover. The maximum guarantee amount under the scheme is ₹5 crore. Guarantee tenure is up to 7 years or the repayment period, whichever is earlier.","The entrepreneur approaches a Member Lending Institution (MLI) for the required credit facility. The MLI evaluates and sanctions the loan using its normal banking due diligence. After agreeing in principle to extend the loan, the MLI registers the loan application with IFCI for guarantee coverage and receives an acknowledgement number. The MLI submits the sanction letter, proof of disbursement and applicable guarantee fee to IFCI, after which the guarantee is issued subject to scheme conditions.","Documentary proof of Scheduled Caste status is mandatory for the entrepreneurs, promoters, partners, society members, sole proprietorship firms or individual SC entrepreneur at the time of submitting the proposal. Other loan and business documents may be required by the concerned Member Lending Institution.",27-08-2026,https://www.ifcicegssc.in/Default/ViewFile/?id=Scheme_Details-English_2018.pdf&path=DownloadForms,Verified,Tier 1,"CEGSSC is a credit guarantee scheme rather than a direct loan scheme. IFCI provides guarantee cover to Member Lending Institutions financing eligible SC entrepreneurs. Covered facilities include working capital loans, term loans and composite term loans. Individual SC entrepreneurs can receive guarantee cover for loan amounts up to ₹1 crore, while the overall maximum guarantee cover under the scheme is ₹5 crore. No collateral security and/or third-party guarantee is permitted for the covered credit facility. Income and age limits are not specified in the provided guidelines."
7,,Vocational Education and Training Loan Scheme,Central,All India,National Safai Karamcharis Finance and Development Corporation (NSKFDC) / Ministry of Social Justice and Empowerment,"Financial assistance to eligible youth of the NSKFDC target group for pursuing vocational education and training courses to improve skills, employability and self-reliance.",Any,18,50,GENERAL/SC/ST/OBC,Not Specified,Not Specified,Not Applicable,Not Specified,"Applicant must belong to the NSKFDC target group and must have secured admission in an eligible vocational education or training course. The course must be run or supported by a Government Ministry, Department or Organisation, or by an organisation supported by NSDC or State Skill Missions/State Skill Corporations. Course duration must be a minimum of 6 months and up to 2 years and should preferably lead to a recognized Certificate, Diploma or Degree. Candidate must attain at least 18 years of age on completion of the course.","Need-based finance up to 90% of course expenses, subject to a maximum loan of ₹4 lakh for courses of duration up to 2 years. Interest charged to the Channelizing Agency is 1% p.a., while beneficiaries are charged 4% p.a. Women receive an interest rebate of 0.5%. Repayment period is up to 7 years. Any cost overrun is borne by the beneficiary.","Applicants apply online through the official NSKFDC website. They access the How to Apply section, open the Loan Application Form, fill in the required details and save the application form.",Aadhaar Card; Driving License; Bank Details; Caste Certificate; Income Certificate; Domicile Certificate,27-08-2026,https://www.myscheme.gov.in/schemes/vetls,Verified,Tier 1,"Course duration must be between 6 months and 2 years. Maximum loan is ₹4 lakh for courses up to 2 years and assistance covers up to 90% of course expenses. Beneficiary interest rate is 4% p.a., with a 0.5% rebate for women. Repayment is up to 7 years. Upper age limit is 50 years and candidate must attain minimum age of 18 years on completion of the course. Income ceiling is not specified in the provided source."
8,,Green Business Scheme (GBS),Central,All India,National Safai Karamcharis Finance and Development Corporation (NSKFDC) / Ministry of Social Justice and Empowerment,"Financial assistance in the form of loans for income-generating activities that can mitigate the impacts of climate change, including battery electric vehicles, compressed air vehicles, solar energy gadgets and poly houses.",Any,Not Specified,Not Specified,GENERAL/SC/ST/OBC,Not Specified,Not Specified,Green income-generating activities,Not Specified,"Safai Karamcharis, Scavengers and their Dependents are eligible. The activities should be income-generating and should mitigate the Green House effect or be classified as climate-change adaptation initiatives. Indicative activities include Battery Electric Vehicles (E-rickshaws), Compressed Air Vehicles, Solar Energy Gadgets and Poly Houses.","Need-based loans are provided for eligible green income-generating activities. The source states an initial quantum of 90% of unit cost with a maximum of ₹2 lakh, while the benefits table specifies loan limits of ₹6.75 lakh for unit costs up to ₹7.50 lakh, ₹13.50 lakh for unit costs above ₹7.50 lakh and up to ₹15 lakh, and ₹27 lakh for unit costs above ₹15 lakh and up to ₹30 lakh. Interest rates to beneficiaries are 4%, 6% and 7% respectively. Repayment is through quarterly instalments within a maximum period of 10 years including a 6-month moratorium. Promoter contribution is 10% of unit cost.","Beneficiaries submit loan applications to District Offices of State Channelizing Agencies (SCAs), branches of Regional Rural Banks (RRBs), and Nationalised Banks. Applications are scrutinized and forwarded to the respective Head Offices. The viability of project proposals is appraised by the SCAs/RRBs/Nationalised Banks and viable proposals are sent to the concerned corporation along with recommendations.",Aadhaar Card; Driving License; Bank Details; Caste Certificate; Income Certificate; Domicile Certificate,27-08-2026,https://www.myscheme.gov.in/hi/schemes/gbs,Needs Review,Tier 1,"Source contains inconsistencies requiring verification before final production use. The description identifies the scheme as launched by NSFDC, while the eligibility and application sections refer to NSKFDC, Safai Karamcharis, Scavengers and their Dependents, and NSKFDC channelising agencies. The source also states a maximum loan of ₹2 lakh in the initial quantum section, while the benefits table specifies maximum loan limits of ₹6.75 lakh, ₹13.50 lakh and ₹27 lakh for different unit-cost ranges up to ₹30 lakh. Interest rates are 4%, 6% and 7% for beneficiaries under the respective ranges. Verify the latest official scheme document before marking the scheme as Verified."
9,,Mahila Samriddhi Yojana (MSY),Central,All India,National Backward Classes Finance and Development Corporation (NBCFDC) / Ministry of Social Justice and Empowerment,"Microfinance assistance for women from low-income families and notified backward classes to start businesses or pursue income-generating activities, including support through Self-Help Groups (SHGs).",Female,18,55,ST/SC/OBC,300000,Entrepreneur / Self-employment,Income-generating activities / Micro business,Not Specified,"Applicant must be a woman aged 18 to 55 years. Applicant should belong to a low-income family or SC/ST/OBC category as notified by the Central/State Government, with annual family income below ₹3 lakh. The applicant should be looking to start a business or engage in income-generating activities. The scheme may provide assistance directly or through Self-Help Groups (SHGs).","Microfinance assistance up to ₹1.40 lakh is provided. The scheme provides a rebate in interest for women beneficiaries. Loans are repaid within 3.5 years in quarterly instalments from the date of each disbursement, including the moratorium period. Eligible beneficiaries who repay loans under MSY through the concerned SCA can subsequently avail of loans under NSFDC schemes.","Applicants apply through NSFDC or the relevant State Government portal and submit the required application form and documents. Applications are processed through State Channelizing Agencies (SCAs) or other authorised Channelizing Agencies such as Regional Rural Banks, Public Sector Banks and NBFC-MFIs. The agencies scrutinize and forward eligible applications for further processing, sanction and disbursement.",Address Proof; Identity Proof; SHG Membership ID; Caste Certificate if applicable; Income Certificate from a competent authority; Aadhaar Card; Bank Account Details; Recent Passport-size Photographs,27-08-2026,https://www.myscheme.gov.in/schemes/cbssc-msy,Needs Review,Tier 1,"Source describes MSY as a women-focused microfinance scheme under NBCFDC. Eligibility states women aged 18–55 with annual family income below ₹3 lakh, including women from SC/ST/OBC categories as notified by the Central/State Government. The source also refers to low-income women and SHGs. The provided source does not specify the exact interest rate or promoter contribution. Verify the current official scheme details before final production use."
10,,New Swarnima Scheme – For Women,Central,All India,National Backward Classes Finance and Development Corporation (NBCFDC) / Ministry of Social Justice and Empowerment,Term loan assistance for women from notified backward classes to promote self-reliance and income-generating activities.,Female,18,55,ST/SC/OBC,300000,Entrepreneur / Self-employment,Income-generating activities,Not Specified,"Only women belonging to backward classes notified by the Central or State Governments are eligible. For projects up to ₹2 lakh, female beneficiaries are not required to make any investment. The scheme is provided under the term loan scheme.","Maximum loan of ₹2 lakh per beneficiary. For projects up to ₹2 lakh, female beneficiaries are not required to invest any money. NBCFDC provides 95% of the financing and the Channel Partner provides 5%. NBCFDC charges 2% p.a. to the Channel Partner, which charges 5% p.a. to the beneficiary. Repayment is through quarterly instalments over a maximum period of 8 years, including a 6-month moratorium on recovery of principal.",The provided source does not specify a detailed application process. It directs applicants to contact NBCFDC through its toll-free number or website for more information.,Address Proof; Identity Proof; SHG Membership ID; Caste Certificate (if applicable); Income Certificate from a competent authority; Aadhaar Card; Bank Account Details; Recent Passport-size Photographs,27-08-2026, https://www.myscheme.gov.in/schemes/nssw / https://nbcfdc.gov.in/nbcfdc/web/loan-scheme-description,Verified,Tier 1,"Annual family income eligibility range is ₹1,00,000 to ₹3,00,000. Applicants with annual family income below ₹1,00,000 or above ₹3,00,000 should not be considered eligible under this income criterion. The scheme is exclusively for women belonging to notified backward classes. Maximum loan is ₹2 lakh per beneficiary, with no beneficiary contribution required for projects up to ₹2 lakh. Beneficiary interest rate is 5% p.a. and repayment is over a maximum period of 8 years including a 6-month moratorium on principal repayment."
11,,General Loan,Central,All India,National Backward Classes Finance and Development Corporation (NBCFDC) / Ministry of Social Justice and Empowerment,"Loan assistance to eligible members of Backward Classes for income-generating activities including agriculture and allied activities, small business, artisan and traditional occupations, transport, service sector activities, and technical and professional trades or courses.",Any,Not Specified,Not Specified,ST/SC/OBC,300000,Entrepreneur,Agriculture and allied activities; Small business; Artisan and traditional occupations; Transport sector; Service sector; Technical and professional trades/courses,Not Specified,"Applicant must be an entrepreneur and a member of Backward Classes as notified by the Central or State Government. Annual family income should be up to ₹3,00,000. Landless agricultural labourers and marginalized farmers with less than 1 hectare land holding belonging to Backward Classes are deemed to have annual family income below ₹1.50 lakh. Small farmers with land holdings between 1 and 2 hectares belonging to Backward Classes are deemed to have annual family income below ₹3 lakh.","Loan assistance up to ₹15 lakh for eligible income-generating activities. NBCFDC finances up to 85% of the project cost and the remaining 15% is contributed by the Channel Partner and/or beneficiary. Concessional interest rates range from 6% to 8% per annum depending on the loan amount. Repayment is through quarterly instalments over a maximum period of 8 years, including a 6-month moratorium on recovery of principal.","Applicants obtain the prescribed application form from the District Office of the concerned Channel Partner, which may include State Channelising Agencies (SCAs), Regional Rural Banks (RRBs), or Public Sector Banks (PSBs). The applicant fills in the required details including the proposed income-generating activity, vocational choice and training requirements, if any, and submits the completed form to the District Office of the concerned Channel Partner in the area where the applicant normally resides. The application is processed by the Channel Partner as per NBCFDC guidelines.",Proof of Identity (Aadhaar Card); Relevant Caste Certificate issued by the relevant authority of District Administration; Passport-size Photograph; Income Certificate issued by Competent Authority of State Government/District Administration or Antyodaya Anna Yojana (AAY) Card or Below Poverty Line (BPL) Card; Annual family income self-certification endorsed by a Gazetted Officer where applicable; Self-certification assessed and endorsed by the Branch Manager where the loan is applied through a Bank Channel Partner; Domicile Certificate,28-08-2026,https://www.myscheme.gov.in/schemes/nbcfdc-gls,Verified,Tier 1,Annual family income ceiling is ₹3 lakh. Landless agricultural labourers and marginalized farmers with less than 1 hectare land holding are deemed to have annual family income below ₹1.50 lakh. Small farmers with 1 to 2 hectares land holding are deemed to have annual family income below ₹3 lakh. NBCFDC finances 85% of project cost and 15% is contributed by the Channel Partner and/or beneficiary. Maximum loan is ₹15 lakh and beneficiary interest ranges from 6% to 8% depending on loan amount. Age and disability criteria are not specified in the provided source.
12,,Education Loan(NBCFDC),Central,All India,National Backward Classes Finance and Development Corporation (NBCFDC) / Ministry of Social Justice and Empowerment,"Education loan assistance to eligible students from Backward Classes for professional, technical and vocational education at graduate and higher levels in India or abroad.",Any,Not Specified,Not Specified,ST/SC/OBC,300000,Student,Not Applicable,Not Specified,"Applicant must belong to Backward Classes as notified by the Central or State Government. Annual family income should be ₹3 lakh. Channel Partners are requested to release at least 50% of total funding to persons with annual family income up to ₹1.50 lakh. For professional/technical courses, the applicant must have secured admission in an approved course at a duly accredited/recognized institute and must have obtained at least 50% marks in the qualifying examination. Admission in India or abroad must be through entrance test or merit-based selection. Vocational courses must have a duration of at least 6 months and be run or supported by a Government Ministry/Department/Organisation, NSDC-supported organisation, State Skill Mission/Corporation or approved Sector Skill Council, preferably leading to a Certificate, Diploma or Degree.","For professional/technical courses in India, finance is up to 90% of course expenditure subject to a maximum loan of ₹15 lakh per student. For professional/technical courses abroad, finance is up to 85% of course expenditure subject to a maximum loan of ₹20 lakh per student. For vocational courses, need-based finance covers 90% of admissible expenses subject to the prescribed limits. Covered expenses include admission and tuition fees, books, stationery and required instruments, examination fees, boarding and lodging expenses, and insurance premium during the loan period. Interest is 4% p.a. for boys and 3.5% p.a. for girls.",The provided source does not specify a detailed step-by-step application process. Loans are provided through Channel Partners including State Channelising Agencies and Banks.,Not Specified,28-08-2026,https://nbcfdc.gov.in/nbcfdc/web/en/education-loan,Verified,Tier 1,"Income ceiling is ₹3 lakh annually, with Channel Partners requested to allocate at least 50% of total funding to applicants with family income up to ₹1.50 lakh. Professional/technical course loan limit is ₹15 lakh for study in India and ₹20 lakh for study abroad. India study financing is up to 90% of course expenditure, while abroad financing is up to 85%. Beneficiary interest is 4% p.a. for boys and 3.5% p.a. for girls. The moratorium for recovery from Channel Partners is 5 years. Maximum recovery period is 10 years after the 5-year moratorium, making the total period up to 15 years from disbursement to the Channel Partner. Borrowers can prepay after repayment begins without pre-closure charges. Age, disability and specific document requirements are not specified in the provided source."
13,,VISVAS (Interest Subvention Scheme),Central,All India,National Backward Classes Finance and Development Corporation (NBCFDC) / Ministry of Social Justice and Empowerment,Interest subvention for OBC individuals and Self Help Groups with OBC members who have taken loans for income-generating activities from lending institutions that have signed an MoA with NBCFDC.,Any,Not Specified,Not Specified,OBC,300000,Not Specified,Income-generating activities,Not Specified,"Applicant must belong to a Backward Class as notified by the Central or State Government. Annual family income must be less than ₹3 lakh. SHGs must be registered with NRLM, NULM or NABARD and have more than two years of credit history. SHGs and individuals must have made all loan repayments on time to qualify for interest subvention. OBC Antyodaya Anna Yojana (AAY) card holders and OBC individuals facing three or more deprivations under SECC-2011, as per relevant BDO records, are eligible. OBC beneficiaries engaged in agricultural activities and covered under PM-KISAN are also eligible.",Interest subvention of up to 5% per annum. Maximum loan limit is ₹4 lakh for SHGs and ₹2 lakh for individuals. The subvention amount is transferred directly into the operating account of the eligible SHG or individual.,The scheme provides interest subvention on loans taken from Lending Institutions that have signed an MoA with NBCFDC. The eligible subvention amount is transferred directly into the operating account of the SHG or individual.,Not Specified,28-08-2026,https://nbcfdc.gov.in/nbcfdc/web/en/visvas-yojana,Needs Review,Tier 1,"VISVAS is an interest subvention scheme for OBC individuals and eligible OBC Self Help Groups. Annual family income must be less than ₹3 lakh. Maximum loan limit is ₹2 lakh for individuals and ₹4 lakh for SHGs, with interest subvention of up to 5% p.a. SHGs must be registered with NRLM/NULM/NABARD and have more than two years of credit history. Timely repayment is required for eligibility. Additional eligible groups include OBC Antyodaya Anna Yojana (AAY) card holders, OBC individuals facing three or more SECC-2011 deprivations, and OBC agricultural beneficiaries covered under PM-KISAN. The provided source states that the scheme was valid for 2020-21 at that time, with further extension dependent on impact assessment; therefore current validity should be verified before production use."
14,,Stand-Up India Scheme,Central,All India,Ministry of Finance,"Bank loan facilitation for SC/ST and women entrepreneurs to establish greenfield enterprises in manufacturing, services, trading and activities allied to agriculture.",Any,18,Not Specified,SC/ST,Not Specified,Entrepreneur,Manufacturing; Services; Trading; Activities allied to agriculture,Not Specified,"Finance is provided only for Greenfield Enterprises. If the applicant is a male, he must belong to SC or ST category. The applicant must be at least 18 years old and must not be in default to any bank or financial institution. For non-individual enterprises, at least 51% of the shareholding and controlling stake must be held by an SC/ST or Woman entrepreneur.","Composite loans including term loan and working capital are available between ₹10 lakh and ₹1 crore. A RuPay debit card is issued for borrower convenience. The Stand-Up India portal also provides hand-holding support through agencies involved in training, skill development, mentoring, project report preparation, application filling, work shed/utility support and subsidy schemes.","Applicants can approach their nearest bank branch, the Lead District Manager (LDM), or apply through the Stand-Up India portal. Online applicants register on the portal, enter business location and personal details, select SC/ST/Woman category and whether the ownership stake is 51% or higher, provide proposed business and loan details, past business experience and hand-holding requirements, and complete registration. After registration, the applicant can initiate the loan application process with the respective financial institution.",Proof of Identity; Proof of Residence; Proof of Business Address; Proof that applicant is not a defaulter with any Bank/Financial Institution; Memorandum and Articles of Association / Partnership Deed as applicable; Assets and Liabilities Statement of promoters and guarantors with latest Income Tax Returns; Rent Agreement if premises are rented; Pollution Control Board clearance if applicable; SSI/MSME Registration if applicable; Projected Balance Sheets; Lease Deeds/Title Deeds where applicable; SC/ST category proof wherever applicable; Certificate of Incorporation establishing majority stake holding in SC/ST/Woman category,28-08-2026,"https://www.myscheme.gov.in/schemes/sui / https://www.standupmitra.in/ / https://www.standupmitra.in/Login/Register
",Verified,Tier 1,"The scheme targets SC/ST and women entrepreneurs. Women entrepreneurs can be eligible under the scheme irrespective of SC/ST category, while male applicants must belong to SC or ST category. Applicants must be at least 18 years old and must not be in default to any bank or financial institution. For non-individual enterprises, at least 51% of shareholding and controlling stake must be held by an SC/ST or Woman entrepreneur. No annual family income ceiling is specified in the provided source. The enterprise must be a Greenfield Enterprise."
15,,National Overseas Scholarship Scheme for SC etc. Candidates,Central,All India,Ministry of Social Justice and Empowerment,"Financial assistance to low-income students belonging to Scheduled Castes, Denotified, Nomadic and Semi-Nomadic Tribes, Landless Agricultural Labourers and Traditional Artisans for pursuing Master's Degree or Ph.D. courses abroad.",Any,Not Specified,35,SC,800000,Student,Not Applicable,Not Specified,"Applicant must belong to one of the eligible categories under the scheme. The applicant must have at least 60% marks or equivalent grade in the qualifying examination. The scheme covers Master's Degree and Ph.D. courses abroad; Bachelor's level courses are not covered. Candidates must have an unconditional offer of admission from an eligible foreign institution/university. For the first round of selection in 2026, the institution/university must be among the top 500 QS World University Rankings. Candidates already staying, studying, or having completed studies abroad using another scholarship or own funds are not eligible. The award can be given only once, and not more than two children of the same parents/guardians can receive the scholarship subject to scheme conditions. Candidates must return to India within 30 days of completing the course and stay in India for at least one year.","Financial assistance for Master's Degree and Ph.D. studies abroad, including annual maintenance allowance, annual contingency allowance, tuition fees, visa fees, medical insurance premium, incidental journey and equipment allowance, and air passage as prescribed under the scheme.","Online applications are submitted through the National Overseas Scholarship portal at www.nosmsje.gov.in. The selection year runs from April to March. The portal is opened for applications in April/May for the first round and September/October for the second round, subject to availability of slots. Only complete online applications are considered.",10th Board Certificate; Caste Certificate; Photograph; Scanned Signature; Current/Permanent Address Proof; Qualifying Degree/Provisional Certificate; Mark Sheet of Qualifying Examination; Valid Document regarding Admission in Foreign University; Income Documents of all Family Members; NOC from Employer if employed; Income Tax Return Acknowledgement or Assessment Order; Aadhaar Card. After selection: Attestation Form; Self Declaration/Undertaking regarding Total Annual Family Income; Self Declaration regarding pending case/non-conviction of offence; Passport; Bonds; Solvency Certificates; Health Certificate; Passport and VISA copies; required undertakings/declarations.,28-08-2026,https://socialjustice.gov.in/schemes/28,Verified,Tier 1,"Applicable from 2026-27. The scheme provides 125 fresh awards per selection year subject to availability of funds: 115 for Scheduled Castes, 6 for Denotified, Nomadic and Semi-Nomadic Tribes, and 4 for Landless Agricultural Labourers and Traditional Artisans. 30% of awards are earmarked for women candidates; if adequate eligible women candidates are not available, unutilized slots may be given to suitable male candidates. The maximum age is 35 years as on the first day of April of the selection year. Gross annual family income from all sources must not exceed ₹8 lakh in the last completed financial year. For the 2026-27 selection year, FY 2025-26 income is considered. If FY 2025-26 gross annual family income exceeds ₹2.5 lakh under the Old Tax Regime or ₹3 lakh under the New Tax Regime, additional ITR and CPC intimation documentation is required; these amounts are documentation thresholds and NOT the income ceiling. Minimum qualification is 60%. The scholarship duration is up to 4 years for Ph.D. and 3 years for Master's Degree, or the sanctioned course duration, whichever is earlier."
16,,Divyangjan Swavalamban Yojana (NDFDC),Central,All India,National Divyangjan Finance and Development Corporation (NDFDC) / Department of Empowerment of Persons with Disabilities,"Concessional credit assistance to persons with disabilities for income-generating activities, higher education, vocational or skill development, and purchase or modification of assistive devices and equipment.",Any,18,Not Specified,GENERAL/SC/ST/OBC,Not Specified,Any,Self-Employment; Higher Education; Vocational/Skill Development; Assistive Devices,Yes,"Applicant must be an Indian citizen with 40% or more disability as defined under the Rights of Persons with Disabilities Act, 2016 or its amendments. The applicant must possess a Unique Disability ID (UDID) Number. Normally, the applicant must be above 18 years of age; for persons with mental retardation, the eligible age is above 14 years. The age criterion does not apply to educational loans. The loan may be used for income-generating activities, higher education after Class 12, vocational or skill development courses, or purchase, customization, retrofitting or conversion of devices, machines, equipment or vehicles to disabled-friendly mode.","Concessional credit up to ₹50 lakh per beneficiary/unit. For self-employment loans, the beneficiary interest rate ranges from 5% to 9% depending on the loan amount. For home loans, the beneficiary interest rate ranges from 5% to 7%. For education loans for studies in India and abroad, the beneficiary interest rate is 4%. Women with disabilities receive a 1% interest rebate on self-employment loans up to ₹50,000, subject to the scheme conditions. Loans can cover self-employment, home, education and other eligible activities under the scheme.",The applicant must submit an application in the prescribed format to the implementing agency. The implementing agency processes and sanctions the loan according to the procedure and terms and conditions prescribed by NDFDC.,Age Certificate; Unique Disability ID (UDID) Number; Documents required by the implementing agency as per its prescribed procedure; Other documents as stipulated by NDFDC/implementing agency.,28-08-2026,https://www.ndfdc.nic.in/schemes/DIVYANGJAN%20SWAVALAMBAN%20YOJANA.pdf,Verified,Tier 1,"The scheme is specifically for persons with disabilities having 40% or more disability and possessing a UDID Number. No annual family income ceiling is specified in the provided scheme document. The overall upper limit of concessional credit is ₹50 lakh per beneficiary/unit. Self-employment loan interest rates to PwDs are 5% for loans up to ₹50,000, 6% for loans above ₹50,000 up to ₹5 lakh, 7% for loans above ₹5 lakh up to ₹15 lakh, 8% for loans above ₹15 lakh up to ₹30 lakh, and 9% for loans above ₹30 lakh up to ₹50 lakh. Home-loan beneficiary interest rates are 5% for loans up to ₹50,000 and 6% for loans above ₹50,000 up to ₹5 lakh and 7% for loans above ₹5 lakh up to ₹50 lakh. Education loans up to ₹50 lakh carry 4% interest. Women with disabilities receive a 1% interest rebate on self-employment loans up to ₹50,000, subject to the specified conditions. Repayment for self-employment loans may be up to 10 years; education-loan repayment is as sanctioned by the implementing agency. No prepayment charges are applicable after commencement of repayment."
17,,National Fellowship for Scheduled Caste Students (NFSC),Central,All India,Ministry of Social Justice and Empowerment / National Scheduled Castes Finance and Development Corporation (NSFDC),Fellowship providing financial assistance to Scheduled Caste students pursuing regular full-time M.Phil. or Ph.D. research in UGC-recognized universities and institutions in India.,Any,Not Specified,Not Specified,SC,Not Specified,Student,Not Applicable,Not Specified,"Applicant must belong to the Scheduled Caste category. The fellowship is for regular and full-time M.Phil./Ph.D. courses in UGC-recognized Universities/Research Institutions. Candidates must qualify UGC-NET-JRF or Joint CSIR-UGC-NET-JRF as applicable. Candidates who have already secured admission and qualified the NET examination are given preference. A scholar can receive only one fellowship at a time and cannot simultaneously receive another scholarship/fellowship or monetary benefit from another source, subject to the scheme conditions. Employees of Universities, Colleges, Educational Institutions and Central/State/UT Governments are excluded from availing the fellowship even if they are on study leave or extraordinary leave.","Financial fellowship support for M.Phil./Ph.D. research. The fellowship rate is ₹37,000 per month for Junior Research Fellowship (JRF) for the initial two years and ₹42,000 per month for Senior Research Fellowship (SRF) for the remaining tenure. Contingency grants and HRA are also provided as per applicable guidelines. HRA rates were revised to 30%, 20% and 10% for X, Y and Z cities respectively, effective from 1 January 2024. Escort/Reader assistance is available for eligible physically and visually handicapped candidates as per scheme guidelines.","Selection is based on merit in the UGC-NET-JRF or Joint CSIR-UGC-NET-JRF examination. Candidates who have already secured admission are given preference. Candidates without admission may also be selected in order of merit, subject to obtaining admission to a recognized M.Phil./Ph.D. programme within the prescribed period. SC certificate authenticity is verified by the concerned University/Institution. Results and award letters are made available through the NSFDC system.",Scheduled Caste Certificate; Aadhaar/Aadhaar EID or other permitted identity document; UGC-NET-JRF or Joint CSIR-UGC-NET-JRF qualification details; Admission/Joining documents for M.Phil./Ph.D.; Verification-cum-Joining Report; Bank Account Details; Other documents/forms prescribed by NSFDC or the concerned University/Institution.,28-08-2026,https://socialjustice.gov.in/schemes/29,Verified,Tier 1,"Central Sector Scheme introduced in 2005-06. The scheme provides 2,000 new fellowships per year: 1,500 for Humanities/Social Sciences and 500 for Science. NSFDC has been the Central Nodal Agency for implementation since 01.10.2022. Fellowship is for SC students pursuing M.Phil./Ph.D. in recognized Indian institutions. The fellowship is not a loan and does not require repayment. The revised fellowship rates are ₹37,000/month for JRF for the initial two years and ₹42,000/month for SRF for the remaining tenure. The 2025 official notice revised HRA to 30%, 20% and 10% for X, Y and Z cities respectively, effective from 01.01.2024. PwD candidates belonging to SC are covered through an inclusive PwD reservation provision as per applicable norms, with minimum 40% disability for PwD concessions/benefits; disability is NOT a general eligibility requirement of the scheme. There is no income ceiling specified in the provided NFSC guidelines."
18,,Swachhta Udyami Yojana (SUY),Central,All India,National Safai Karamcharis Finance and Development Corporation (NSKFDC) / Ministry of Social Justice and Empowerment,Financial assistance at concessional interest rates for Safai Karamcharis and liberated Manual Scavengers to procure and operate sanitation-related equipment and vehicles and undertake sanitation-related enterprises.,Any,Not Specified,Not Specified,GENERAL/SC/ST/OBC/EWS,Not Specified,Sanitation-related work,Sanitation Enterprise; Mechanized Cleaning Equipment/Vehicles; Dry Waste Collection Centre (DWCC),Not Specified,"The scheme is targeted at Safai Karamcharis and liberated Manual Scavengers. Financial assistance is available to individuals, Self Help Groups (SHGs), Joint Responsibility Groups (JRGs) and Cooperatives for sanitation-related equipment/vehicles and setting up Dry Waste Collection Centres (DWCCs). For individual beneficiaries, the maximum project cost is ₹15 lakh. For SHGs/JRGs/Cooperatives, the maximum project cost is ₹50 lakh. The scheme is implemented through Channelizing Agencies (CAs). For the ULB-oriented model, beneficiaries may be nominated by Urban Local Bodies and may receive a Work Assurance Letter for mechanized cleaning work.",Concessional financial assistance for sanitation-related equipment and vehicles. Maximum project cost is ₹15 lakh for individual beneficiaries and ₹50 lakh for SHGs/JRGs/Cooperatives. The beneficiary interest rate is 6% per annum. A 1% interest rebate is available for women beneficiaries and a 0.5% rebate is available for timely repayment. The repayment period is up to 7 years.,"Beneficiaries apply through the concerned Channelizing Agencies (CAs). Under the ULB-oriented model, Urban Local Bodies can nominate Safai Karamcharis or dependents as beneficiaries, provide a long-term Work Assurance Letter, facilitate loans through banks, and support procurement of mechanized cleaning equipment/vehicles. Banks/SCA disburse the loan and applicable capital subsidy, after which beneficiaries procure the equipment/vehicle and commence work in coordination with the ULB.",Not Specified,29-08-2026,https://www.dosje.gov.in/schemes-and-services/swachhta-udyami-yojana-suy/,Verified,Tier 1,"The scheme has twin objectives of promoting mechanized cleaning and providing safe and sustainable livelihood opportunities to Safai Karamcharis and liberated Manual Scavengers. Individual beneficiaries can have a maximum project cost of ₹15 lakh, while SHGs/JRGs/Cooperatives can have a maximum project cost of ₹50 lakh. The beneficiary interest rate is 6% per annum, with a 1% rebate for women beneficiaries and 0.5% rebate for timely repayment. Repayment is allowed for up to 7 years. The scheme also supports setting up Dry Waste Collection Centres (DWCCs). Under the ULB model, beneficiaries may receive long-term assured mechanized cleaning work through a Work Assurance Letter. No annual income ceiling, age limit, or disability condition is specified in the provided source."
19,,Nari Arthik Sashaktikaran Yojana,Central,All India,National Scheduled Castes Finance and Development Corporation (NSFDC) / Ministry of Social Justice and Empowerment,"Financial assistance for economically poor Scheduled Caste women, particularly widows, divorcees, single mothers and single women, to undertake income-generating activities and improve their economic empowerment.",Female,25,50,SC,Not Specified,Any,Income-Generating Activity,Not Specified,"The applicant must belong to the Scheduled Castes. The applicant must belong to an economically poor family meeting the prescribed Below Poverty Line income conditions. Eligible applicants include widows, divorcees, single mothers, and single women aged above 35 years, subject to the scheme conditions. The stated application age range is 25 to 50 years. Women registered under the Widow Pension Scheme may also be eligible if they satisfy the prescribed conditions. Financial assistance is provided according to the unit cost prescribed under the applicable NSFDC scheme. Eligible beneficiaries may also be considered for NSFDC Skill Training Programme assistance.","Financial assistance for income-generating activities under applicable NSFDC schemes. BPL beneficiaries may receive subsidy of ₹10,000 or 50% of the unit cost, whichever is less, under the applicable Special Central Assistance provisions. The SCA may provide 2% of the loan amount as a grant for handholding activity, subject to a maximum of ₹4,000 per unit. Beneficiaries may be eligible for further assistance for business expansion after two years subject to regular repayment.",Eligible applicants apply through the concerned State Channelizing Agencies (SCAs) for financial assistance under the applicable NSFDC scheme. The SCA processes the application and provides applicable margin money and assistance according to NSFDC guidelines.,Not Specified,29-08-2026,https://www.indiafilings.com/learn/nari-arthik-sashaktikaran-yojana,Needs Review,Tier 2,"The provided source states rural family income up to ₹98,000 per annum and urban family income up to ₹1,20,000 per annum as the applicable Below Poverty Line limits. These are location-specific limits, so income_ceiling_annual is kept as Not Specified rather than forcing one single annual ceiling. The scheme does not specify a separate maximum loan amount; beneficiaries can avail financial assistance according to the unit cost prescribed under the applicable NSFDC scheme. NSFDC may charge 1% interest, while the SCA charges 4% to beneficiaries. Repayment is in quarterly instalments over a maximum period of 10 years, including a moratorium of 3 to 24 months depending on the nature of the scheme. The scheme specifically targets women from Scheduled Castes who meet the stated social and economic conditions."
20,,Mahila Adhikarita Yojana,Central,All India,National Safai Karamcharis Finance and Development Corporation (NSKFDC) / Ministry of Social Justice and Empowerment,"Financial assistance to women Safai Karamcharis, Scavengers and their dependent daughters for small and petty trade, business and other income-generating activities.",Female,Not Specified,Not Specified,Not Specified,Not Specified,Safai Karamchari / Scavenger,Small/Petty Trade; Business; Sundry Income-Generating Activities,Not Specified,"The applicant must be a woman Safai Karamchari or Scavenger or a dependent daughter of a Safai Karamchari or Scavenger. The scheme targets economically poor beneficiaries. Loan assistance is provided through State Channelizing Agencies (SCAs), Regional Rural Banks (RRBs) and Nationalized Banks. Promoter's contribution is not required from beneficiaries. The remaining 10% of unit cost may be provided by the SCA through loan, subsidy or other available sources.","Loan assistance up to ₹2,00,000 per beneficiary/unit. NSFDC loan component can cover up to 90% of the unit cost. Interest charged to beneficiaries is 7% per annum. No promoter contribution is required from beneficiaries. A 2% loan amount grant may be provided by the SCA for handholding activities, subject to a maximum of ₹4,000 per unit.","Eligible beneficiaries apply through State Channelizing Agencies (SCAs), Regional Rural Banks (RRBs) or Nationalized Banks. The concerned implementing agency processes the loan application according to the applicable NSKFDC guidelines.",Not Specified,29-08-2026,https://www.dosje.gov.in/schemes-and-services/mahila-adhikarita-yojana-may/,Verified,Tier 1,"Maximum project cost is ₹2,00,000 per beneficiary/unit. NSFDC can provide up to 90% of the unit cost, while the remaining 10% is provided by the SCA through loan, subsidy or other available sources. Beneficiary interest rate is 7% per annum. Repayment period is 5 years after an implementation period of 4 months and a moratorium period of 6 months. The scheme does not specify an annual income ceiling in the provided source. No age limit or disability requirement is specified in the provided source."
21,,Manav Kalyan Yojana,State,Gujarat,Government of Gujarat,Assistance scheme for eligible beneficiaries in Gujarat through toolkits and equipment for approved trades and income-generating activities.,Any,18,60,Not Specified,600000,Self-Employed / Worker,Approved Trades / Income-Generating Activities,Not Specified,"For beneficiaries in rural areas, inclusion in the District Rural Development Department poverty-line list is required. Beneficiaries with a 0–16 score are not required to submit an income certificate. Other beneficiaries must provide an income certificate showing annual family income up to ₹6,00,000 issued by the competent authority. Applicants must apply online through the e-Kutir portal and upload the required documents including e-Shram Card details and caste certificate. For 12 extremely backward castes among Scheduled Castes and extremely backward, nomadic and denotified castes among Socially and Educationally Backward Classes, no income limit applies and only the caste certificate is required.","Eligible beneficiaries receive financial assistance through approved toolkits/equipment for eligible trades. An e-voucher with a QR code is generated after approval, which can be redeemed through authorized dealers in Gujarat. Applicants may also opt for training through the portal. The toolkit can be purchased up to the maximum approved value, with any excess cost borne by the beneficiary.","Applicants must apply online through the e-Kutir portal at https://e-kutir.gujarat.gov.in. Required documents must be uploaded online, including e-Shram Card details and caste certificate. Applications are submitted and considered through the prescribed online selection process. After toolkit approval, an e-voucher/QR code is generated and can be redeemed through an authorized dealer. Post-purchase verification is conducted by the concerned authorities/third-party agency.",e-Shram Card; Caste Certificate; Income Certificate where applicable; Other required documents as specified in the online application.,29-08-2026,https://e-kutir.gujarat.gov.in/index.aspx?ServiceID=2,Verified,Tier 1,"State-specific scheme for Gujarat. Age eligibility is 18 to 60 years. Annual family income limit is ₹6,00,000 for applicable beneficiaries. Rural beneficiaries may qualify through inclusion in the District Rural Development Department poverty-line list; beneficiaries with a 0–16 poverty-line score do not need to submit an income certificate. For 12 extremely backward castes among Scheduled Castes and extremely backward, nomadic and denotified castes among Socially and Educationally Backward Classes, no income limit applies and only the caste certificate is required. Applicants must possess/provide e-Shram Card details. Toolkit assistance is provided through an e-voucher/QR code and authorized dealers. Any amount exceeding the approved maximum toolkit value must be paid by the beneficiary. Post-purchase verification is carried out, and misuse of government assistance can result in recovery of the assistance and disqualification from future government schemes."
22,,Self Employment Scheme,State,Gujarat,Gujarat Tribal Development Department / Gujarat Tribal Development Corporation,Concessional loan assistance to unemployed Scheduled Tribe individuals residing in Gujarat for starting self-employment activities under approved business activities.,Any,Not Specified,Not Specified,ST,Not Specified,Entrepreneur,Trade; Service; Small Manufacturing; Other Approved Self-Employment Activities,Not Specified,The applicant must be a resident of Gujarat and belong to the Scheduled Tribe (ST) category. The applicant must be unemployed at the time of applying. The proposed activity must be one of the approved business activities under the scheme.,"Loan assistance ranging from ₹50,000 to ₹5,00,000 at an interest rate of 4% per annum for eligible self-employment activities.","Applicants can apply through the Gujarat Tribal Development Corporation's prescribed application process. The applicant provides personal, category and business-related information and submits the required documents for processing by the concerned authority.",Aadhaar Card; Caste Certificate; Income Certificate; Ration Card; Business Address Proof; Identity Card; Artisan Identity Card if applicable; Passport-size Photographs; Age Proof; Bank Passbook or Cancelled Cheque; Affidavit; Quotations; 7/12 Certificate where applicable.,29-08-2026,https://www.myscheme.gov.in/schemes/sesg,Need to be Verified,Tier 2,"Gujarat-specific ST self-employment scheme. The myScheme information states that loan assistance ranges from ₹50,000 to ₹5,00,000 at 4% annual interest and covers approved self-employment activities. The applicant must belong to the Scheduled Tribe category and be unemployed. The current income ceiling, age criteria and other detailed conditions require verification from the latest official Gujarat Tribal Development Corporation notification. An older Gujarat government publication contains different income-related information, so the income ceiling is kept as Not Specified until the current official notification is confirmed."
23,,Passenger Vehicle/Loading Vehicle Loan Scheme,State,Gujarat,"Social Justice and Empowerment Department, Gujarat / Dr. Ambedkar Antyodaya Development Corporation",Loan assistance to unemployed individuals belonging to Scheduled Caste Antyodaya families in Gujarat for purchasing passenger or freight vehicles to create self-employment opportunities in the transport sector.,Any,Not Specified,Not Specified,SC,300000,Unemployed,Transport Sector; Passenger Vehicle; Freight/Loading Vehicle,Not Specified,"Applicant must be a resident of Gujarat, belong to the Scheduled Caste (SC) category, be unemployed, and belong to an Antyodaya family. Annual family income must not exceed ₹3,00,000.",Financial assistance in the form of a loan for purchasing passenger or freight/loading vehicles to create self-employment opportunities in the transport sector. The provided source does not specify the maximum loan amount or interest rate.,"Applicants apply online through the Dr. Ambedkar Antyodaya Development Corporation (DAADC) online portal. The applicant must register or log in, fill in the application form with personal and scheme-specific details, upload the required documents, and submit the application.",Aadhaar Card; Ration Card; First Page of Bank Passbook; Income Certificate; Caste Certificate; Abstract of Driving Licence; School Leaving Certificate / Birth Certificate / Medical Officer or Civil Surgeon Certificate; Driving Licence,29-08-2026,https://www.myscheme.gov.in/schemes/pvlvls,Verified,Tier 2,"Gujarat-specific SC self-employment scheme targeted specifically at unemployed members of Scheduled Caste Antyodaya families. Annual family income ceiling is ₹3 lakh. The scheme supports purchase of passenger or freight/loading vehicles for transport-sector self-employment. The provided source does not specify age eligibility, disability eligibility, maximum loan amount, interest rate, repayment period, or beneficiary contribution; these details should not be assumed and require verification from the latest official DAADC scheme guidelines."
24,,Prime Minister’s Employment Generation Programme (PMEGP),Central,All India,"Ministry of Micro, Small & Medium Enterprises (MSME)",A credit-linked subsidy programme supporting new micro-enterprises in the non-farm sector to generate self-employment and sustainable employment in rural and urban areas.,Any,Not Specified,Not Specified,SC,Not Specified,Entrepreneur,,,,,,,,,,,
25,,D Devaraj Urs Individual Loan Scheme,State,Karnataka,"D Devaraj Urs Backward Classes Development Corporation (KSBCDC) / Department of Backward Classes Welfare, Govt of Karnataka","Financial assistance for self-employment activities under business, service, and agricultural and allied activities for Backward Class persons in Karnataka.",Any,Not Specified,Not Specified,OBC,Not Specified,Not Specified,Business / Service / Agriculture and allied activities,Not Specified,Applicant must belong to a Backward Class category recognized in Karnataka.,"Financial assistance up to ₹50,000 per beneficiary. The amount includes 30% (maximum ₹10,000) as subsidy and the remaining as loan at 4% interest per annum.",Applicants apply through the District Office of D Devaraj Urs Backward Classes Development Corporation (Devaraja Arasu Bhavan) or via the Corporation's Suvidha portal.,Not Specified,29-08-2026,https://dbcdc.karnataka.gov.in/33/d-devaraj-urs-individual-loan-scheme/en,Verified,Tier 2,"Official Karnataka government source (dbcdc.karnataka.gov.in). Age, income ceiling and document requirements beyond 'Backward Class' membership are not specified in the provided source."
26,,Arivu Education Loan Scheme,State,Karnataka,"D Devaraj Urs Backward Classes Development Corporation (KSBCDC) / Department of Backward Classes Welfare, Govt of Karnataka","Education loan for Backward Class students in Karnataka studying Medical, Engineering and other professional courses.",Any,Not Specified,Not Specified,OBC,350000,Student,Not Applicable,Not Specified,"Applicant must belong to a Backward Class category and be studying Medical, Engineering or another professional course. Annual family income should not exceed ₹3.50 lakh.","Loan of ₹1 lakh per year or actual cost incurred towards admission fee, tuition fee, laboratory fee, examination fee etc., whichever is applicable. Interest rate is 2% per annum.",Applicants apply through the Corporation's Suvidha portal / District Office.,Not Specified,29-08-2026,https://dbcdc.karnataka.gov.in/31/arivu-education-loan-scheme/en,Verified,Tier 2,Official Karnataka government source. Age and specific document list not specified in the provided source.
27,,Interest Free Loan for Higher Education in Foreign University,State,Karnataka,"D Devaraj Urs Backward Classes Development Corporation (KSBCDC) / Department of Backward Classes Welfare, Govt of Karnataka","Interest-free loan for Backward Class (Category-1, 2A, 3A, 3B) students in Karnataka pursuing Master's Degree or Ph.D. at top-ranked foreign universities.",Any,Not Specified,35,OBC,1500000,Student,Not Applicable,Not Specified,"Applicant must belong to Backward Classes Category-1, 2A, 3A or 3B. Admitting foreign university must be ranked below 1000 in QS World Rankings. Minimum 60% marks required in qualifying examination. Annual family income should not exceed ₹15 lakh.","Maximum loan of ₹50 lakh over 2 years (up to ₹25 lakh per year), interest-free.",Applicants apply through the Corporation's Suvidha portal / District Office.,Not Specified,29-08-2026,https://dbcdc.karnataka.gov.in/30/interest-free-loan-for-higher-education-in-foreign-university/en,Needs Review,Tier 2,"Official Karnataka government source, but the page text appears machine-translated/garbled regarding exact age criteria (references both '32 years for Master's/PhD' and a '35 year' limit). Verify precise age criteria against the original Kannada notification before production use."
28,,Udyogini Scheme,State,Karnataka,"Karnataka State Women's Development Corporation (KSWDC) / Department of Women and Child Development, Govt of Karnataka",Women entrepreneurship scheme providing subsidised loans to women for starting or expanding small-scale businesses in trade and service sectors.,Female,Not Specified,Not Specified,GENERAL/SC/ST/OBC,Not Specified,Entrepreneur,Trade / Service small business,Not Specified,Applicant must be a woman seeking to start or expand a small-scale trade or service business. Category-based subsidy rates apply.,"Subsidised loans up to ₹3 lakh. SC/ST women, widows and women with disabilities receive a 50% subsidy up to ₹1.5 lakh; women in general/other special categories receive a 30% subsidy up to ₹90,000.",Applicants apply through KSWDC or partner bank branches.,Not Specified,29-08-2026,https://www.myscheme.gov.in/schemes/us,Needs Review,Tier 2,Detailed figures sourced from a secondary aggregator (niir.org) summarising the scheme rather than a primary KSWDC document directly fetched; a myScheme listing exists (URL given) but its detailed content could not be retrieved directly in this session. Age and income-ceiling criteria are not confirmed and should be verified against KSWDC's official scheme document before production use.
29,,Entrepreneur Development Programme (EDP),State,Tamil Nadu,Tamil Nadu Adi Dravidar Housing and Development Corporation (TAHDCO) / Adi Dravidar and Tribal Welfare Department,Bank loans arranged with TAHDCO subsidy for self-employment of Scheduled Caste and Scheduled Tribe individuals (including SC converts to Christianity) in Tamil Nadu.,Any,18,65,SC/ST,300000,Entrepreneur,Petrol/Diesel/Gas retail; general small business (financed via banks under MUDRA/Stand-Up India),Not Specified,Applicant must belong to Scheduled Caste or Scheduled Tribe (including SC converted to Christianity) and be an unemployed entrepreneur aged 18-65. Annual family income should be below ₹3 lakh (some district sources state ₹1 lakh for specific sub-categories).,"Banks sanction loans (including via MUDRA/Stand-Up India) and TAHDCO releases a subsidy. For setting up Petrol/Diesel/Gas retail outlets, subsidy is 30% of project cost up to a maximum of ₹2.25 lakh.",Applicants approach banks directly or apply through the TAHDCO District Manager's office; TAHDCO releases the subsidy component once the bank sanctions the loan.,Not Specified,29-08-2026,https://ariyalur.nic.in/departments/tahdco/ / https://chennai.nic.in/departments/tahdco-tah/,Verified,Tier 2,"Official district-level TAHDCO pages. Income ceiling is stated as ₹3 lakh in most district sources (Ariyalur, Thanjavur) but one source (Viluppuram) cites ₹1 lakh for a related women-specific sub-scheme; treat ₹3 lakh as the general EDP ceiling."
30,,Economic Assistance to Self Help Groups (EA to SHG),State,Tamil Nadu,Tamil Nadu Adi Dravidar Housing and Development Corporation (TAHDCO) / Adi Dravidar and Tribal Welfare Department,Credit assistance to Adi Dravidar (Scheduled Caste) women's Self Help Groups in Tamil Nadu for income-generating economic activities.,Female,Not Specified,Not Specified,SC,300000,Self-Help Group member,Income-generating activities,Not Specified,SHG members must belong to Scheduled Caste. Annual family income of applicants should not exceed ₹3 lakh. SHGs must have been accredited (graded) at least twice to access the income-generating loan component.,"Credit for income-generating activities up to ₹2.5 lakh or 50% of the project cost, whichever is lower, at a reasonable interest rate. A one-time Front-End Subsidy of ₹25,000 per SHG is also available for revolving fund.",SHGs apply through the TAHDCO District Manager's office.,Not Specified,29-08-2026,https://viluppuram.nic.in/departments/tahdco/ / https://thanjavur.nic.in/tahdco/,Verified,Tier 2,Official district TAHDCO pages. This is distinct from the general EDP scheme and specifically targets registered women's SHGs.
31,,Land Purchase and Development Scheme,State,Tamil Nadu,Tamil Nadu Adi Dravidar Housing and Development Corporation (TAHDCO) / Adi Dravidar and Tribal Welfare Department,"Subsidy assistance to Scheduled Caste women in Tamil Nadu to purchase and develop agricultural land, improving their land holding and socio-economic status.",Female,18,65,SC,100000,Not Specified,Agricultural land purchase,Not Specified,"Applicant must be a Scheduled Caste woman aged 18-65. Annual family income should not exceed ₹1 lakh (per one district source; other TAHDCO income ceilings for related schemes are stated as ₹3 lakh, so this should be re-confirmed). Applicant and family must not have availed any prior subsidy under TAHDCO schemes.","Subsidy of a maximum of 30% of the project cost or ₹2.25 lakh, whichever is less, released as Front-End subsidy. 100% stamp duty exemption is provided for registration of the land purchased under the scheme.",Applicants apply through the TAHDCO District Manager's office.,Not Specified,29-08-2026,https://viluppuram.nic.in/departments/tahdco/,Needs Review,Tier 2,Income ceiling for this specific land-purchase sub-scheme (₹1 lakh) differs from the ₹3 lakh ceiling cited for other TAHDCO schemes in other district sources; verify the current applicable ceiling with TAHDCO head office before production use.
32,,Seed Money Scheme (Margin Money Scheme),State,Maharashtra,"District Industries Centres (DIC) / Directorate of Industries, Government of Maharashtra","Soft loan (seed money) to unemployed persons in Maharashtra to meet part of the margin money required to avail institutional finance for self-employment ventures in industry, service and business.",Any,Not Specified,Not Specified,GENERAL/SC/ST/OBC,Not Specified,Self-Employed / Entrepreneur,Industry / Service / Business,Yes,"Applicant must be an unemployed person proposing a project approved by a financial institution/bank. Project cost limit is ₹25 lakh for industry, service and business activities.","Seed money assistance at 15% of the project cost approved by the financial institution for general category applicants. For projects up to ₹10 lakh, the quantum of assistance is increased to 20% for SC/ST/OBC/NT/VT and Handicapped applicants. Interest rate is 6% per annum, with a 3% rebate for regular, on-time repayment (net 3% effective interest). Repayment starts after 3 years in 4 yearly instalments (6 months for vehicle loans).",Applicants apply through the concerned District Industries Centre (DIC) after securing in-principle finance approval from a bank/financial institution.,Not Specified,29-08-2026,https://maitri.maharashtra.gov.in/schemes-2/,Verified,Tier 2,"Official Maharashtra Industry, Trade and Investment Facilitation (MAITRI) portal. Age and specific documents not detailed in the provided source."
33,,Margin Money Scheme for SC/ST Tiny Units,State,Maharashtra,"District Industries Centres (DIC) / Directorate of Industries, Government of Maharashtra",Margin money/subsidy assistance to Scheduled Caste and Scheduled Tribe entrepreneurs in Maharashtra to set up tiny units (investment in plant & machinery below ₹2 lakh) in towns and rural areas with population under 1 lakh.,Any,Not Specified,Not Specified,SC/ST,Not Specified,Entrepreneur,"Tiny units — Small Scale Industries, Village Industries, handicrafts, handlooms, silk and coir industries",Not Specified,"Applicant must belong to Scheduled Caste or Scheduled Tribe. The unit must fall within the purview of the Small Scale Industries Board or Village Industries/handicrafts/handloom/silk/coir sectors, be located in a town/rural area with population under 1 lakh, with plant & machinery investment below ₹2 lakh.","Margin Money assistance of up to 30% of total fixed capital investment or a maximum of ₹60,000, whichever is less (compared to 20% or ₹40,000 for general category applicants). Interest is 4% per annum, with 1% penal interest on default. Repayment is within 8 years with an initial moratorium of 2 years.",Applicants apply through the concerned District Industries Centre (DIC).,Not Specified,29-08-2026,https://doingbusinessinmaharashtra.org/DIC_schemes.php,Verified,Tier 2,Sourced from the Government of Maharashtra's 'Doing Business in Maharashtra' portal listing DIC schemes. Especially useful for rural artisans per the source.
34,,OBC Corporation Direct/Interest-Subvention Loan Scheme,State,Maharashtra,"Other Backward Classes Development Corporation (OBCDC), Government of Maharashtra","Interest-subvention loans to Other Backward Class community members in Maharashtra for commercial and industrial self-employment ventures, with the state government bearing the interest cost.",Any,Not Specified,Not Specified,OBC,Not Specified,Entrepreneur,Commercial / Industrial ventures,Not Specified,Applicant must belong to an Other Backward Class community in Maharashtra proposing a commercial or industrial self-employment venture.,"Direct loan of up to ₹1 lakh for individual enterprising ventures. Loans disbursed via OBCDC of up to ₹10 lakh for individuals and up to ₹50 lakh for groups of individuals. The Maharashtra government pays interest of up to 12% per annum on the loan on the beneficiary's behalf, effectively making it interest-free to the borrower, subject to timely repayment.",Applicants apply through the Other Backward Classes Development Corporation (OBCDC).,Not Specified,29-08-2026,https://www.pressreader.com/india/hindustan-times-st-mumbai/20190116/281956018959004,Needs Review,Tier 3,"Sourced from a 2019 news report on a Maharashtra state budget announcement rather than a primary OBCDC scheme document; loan limits and interest-subvention terms should be re-confirmed against the current official OBCDC scheme notification, as budget-announced limits can change year to year."
35,,SC/ST/OBC Self Employment Loan Scheme,State,Rajasthan,"Rajasthan Scheduled Castes Scheduled Tribes Finance and Development Cooperative Corporation Limited (RSCSTFDCCL) / Social Justice and Empowerment Department, Government of Rajasthan","Concessional-interest self-employment loan scheme for Scheduled Caste, Scheduled Tribe, Other Backward Class, Safai Karamchari and disabled individuals in Rajasthan.",Any,Not Specified,Not Specified,SC/ST/OBC,Not Specified,Self-Employed,Not Specified,Yes,"Applicant must belong to Scheduled Caste, Scheduled Tribe, Other Backward Class, be a Safai Karamchari, or a Person with Disability, and be a resident of Rajasthan seeking self-employment.","Loans provided at a concessional rate of interest for self-employment purposes; exact loan amount and interest rate are not specified in the sources reviewed. Loan applications are reviewed by a division-level loan appraisal team, which approves or rejects applications within 3 months of receipt, and disbursed to the applicant's Jan Aadhaar-linked bank account.",Applicants apply online during the annual application window (historically 1 September to 30 November) via the Rajasthan SSO portal (sso.rajasthan.gov.in) or through e-Mitra kiosks.,Not Specified,29-08-2026,https://sso.rajasthan.gov.in/ (portal) — details compiled from secondary aggregator sources,Needs Review,Tier 3,"Only secondary aggregator sources (sarkariyojana.com and similar) were available in this session rather than a primary RSCSTFDCCL/Social Justice Department document; specific loan amount, interest rate, age and income-ceiling figures could not be confirmed and must be verified against the Corporation's official scheme notification before production use."
36,,Self Employment Loan Scheme (KSDCSCST),State,Kerala,"Kerala State Development Corporation for Scheduled Castes and Scheduled Tribes Ltd (KSDCSCST) / Department of Scheduled Castes and Scheduled Tribes Development, Government of Kerala","Loan scheme for Scheduled Caste and Scheduled Tribe individuals in Kerala, particularly those who have undergone relevant training, to take up self-employment in agriculture, industry, trade and commerce.",Any,Not Specified,Not Specified,SC/ST,Not Specified,Self-Employed,Agriculture / Industry / Trade / Commerce,Not Specified,Applicant must belong to Scheduled Caste or Scheduled Tribe in Kerala; preference given to those who have undergone relevant skill training.,"Interest rate is 7% per annum for loans up to ₹5 lakh, and 9% per annum for loans above ₹5 lakh. Repayment period is 5 years.",Applicants apply through KSDCSCST district/regional offices.,Not Specified,29-08-2026,https://ksdcscst.kerala.gov.in/Schemes,Verified,Tier 2,"Official Kerala government (KSDCSCST) source. Maximum loan amount, age and income-ceiling criteria are not specified in the provided source."
37,,Self Employment Loan Scheme (NMDFC-linked),State,Kerala,"Kerala State Backward Classes Development Corporation (KSBCDC) / Department of Backward Classes Development, Government of Kerala","Loan scheme for Backward Class individuals in Kerala to take up self-employment ventures, financed through the National Minorities Development & Finance Corporation (NMDFC) channel.",Any,Not Specified,Not Specified,OBC,Not Specified,Self-Employed,Not Specified,Not Specified,Applicant must belong to a Backward Class/minority community as per NMDFC/KSBCDC eligibility norms.,Maximum loan amount of ₹20 lakh at an interest rate of 6% per annum.,Applicants apply through KSBCDC district offices.,Not Specified,29-08-2026,https://malappuram.nic.in/en/kerala-state-backward-classes-development-corporation/,Verified,Tier 2,"Sourced from a Kerala district administration page listing KSBCDC schemes. Repayment period, age and income-ceiling criteria are not specified in the provided source."
38,,Jeevanam Self-Employment Scheme,State,Kerala,"Department of Social Justice, Government of Kerala","One-time financial assistance for self-employment to dependents of crime victims, or individuals seriously injured due to criminal acts, in Kerala.",Any,Not Specified,Not Specified,GENERAL/SC/ST/OBC,100000,Not Specified,Self-employment ventures (general),Not Specified,"Applicant must be either a person seriously injured in a crime, or a dependent (spouse or unmarried child) of a crime victim. Annual family income should not exceed ₹1 lakh. Application must be submitted within 5 years of the crime.","One-time financial aid of ₹20,000 to initiate a self-employment activity.","Applicants apply through the Department of Social Justice, Government of Kerala (district offices).",Not Specified,29-08-2026,https://en.wikipedia.org/wiki/Jeevanam_Self_Employment_Scheme (citing sjd.kerala.gov.in),Verified,Tier 3,Piloted in Pathanamthitta district in 2020 before statewide extension. Sourced via a Wikipedia article citing the Kerala Department of Social Justice site (sjd.kerala.gov.in); recommend cross-checking directly against sjd.kerala.gov.in before production use.
39,,Transgender Self-Employment Loan Scheme,State,Kerala,"Kerala State Women's Development Corporation (KSWDC) / Department of Social Justice, Government of Kerala",Self-employment loan scheme for transgender community members in Kerala to support viable self-employment projects.,Not Specified,Not Specified,Not Specified,GENERAL/SC/ST/OBC,Not Specified,Not Specified,Self-employment projects (general),Not Specified,"Applicant must be a member of the transgender community in Kerala with a viable, sustainable self-employment project proposal.","Loan ranging from ₹3 lakh to ₹15 lakh. Up to 70% of the sanctioned loan is disbursed initially, with the remaining 30% released subsequently, subject to scheme conditions.",Applicants apply through the Kerala State Women's Development Corporation (KSWDC).,Not Specified,29-08-2026,https://www.deccanherald.com/amp/story/india%2Fkerala-offers-self-employment-loans-for-transgender-community-886024.html,Needs Review,Tier 3,"Sourced from a news report on the scheme's launch rather than a primary KSWDC scheme document; exact eligibility conditions, interest rate and repayment terms should be verified against KSWDC's official scheme guidelines before production use."
40,,SC Corporation Economic Support (Self-Employment) Scheme,State,Andhra Pradesh,"Andhra Pradesh Scheduled Castes Cooperative Finance Corporation (APSCCFC) / Social Welfare Department, Government of Andhra Pradesh","Bank-linked and non-bank-linked economic support schemes for Scheduled Caste individuals in Andhra Pradesh to set up self-employment units such as small business, transport and services.",Any,Not Specified,Not Specified,SC,120000,Self-Employed / Entrepreneur,"Kirana shops, tent house, fancy shop, bakery, internet centre, transport (autos, mini vans, cars) and other small businesses",Not Specified,"Applicant must belong to Scheduled Caste. Eligibility is based on double the poverty line: annual family income should not exceed ₹98,000 in rural areas and ₹1,20,000 in urban areas. Special emphasis is given to vulnerable sub-groups such as Flayers & Tanners, Bonded Labour and Jogins.","Unit cost is typically ₹1 lakh with subsidy support; per a 2013 policy change the subsidy component for self-employment schemes was enhanced to 60% of unit cost or ₹1 lakh, whichever is less (GO Ms.No.101, SW(SCP-1) Dept, dt. 31.12.2013), with the balance financed as a bank loan tied up by the District SC Cooperative Society.","Applicants apply through the District SC Cooperative Society (functioning under the District Collector's chairmanship), which scrutinises and ties up the loan with banks before releasing the subsidy.",Caste Certificate; Income Certificate; Aadhaar Card; Bank Account Details; Project/business proposal; other documents as required by the District Society.,29-08-2026,https://krishna.ap.gov.in/sc-corporation/ / https://konaseema.ap.gov.in/sc-corporation/,Verified,Tier 2,"Sourced from official Andhra Pradesh district administration pages. Subsidy percentage has changed over time via government orders (60%/₹1 lakh cap per the 2013 GO cited); benefit levels should be re-confirmed against the current year's action plan (SCAP) before production use, as funding and subsidy ratios are revised periodically."
41,,BC Corporation Individual Self-Employment Scheme (Margin Money / BC Abhyudaya Yojana),State,Andhra Pradesh,"Andhra Pradesh Backward Classes Cooperative Finance Corporation (APBCCFC) / BC Welfare Department, Government of Andhra Pradesh","Financial assistance to educated unemployed youth, skilled labourers and artisans from Backward Classes in Andhra Pradesh for self-employment, via Margin Money assistance in rural areas and BC Abhyudaya Yojana in urban areas.",Any,21,50,OBC,Not Specified,Self-Employed / Skilled Labourer / Artisan,Not Specified,Not Specified,"Applicant must belong to a Backward Class community and be aged between 21 and 50 years, and be an educated unemployed person, skilled labourer or artisan.","Financial assistance through institutional (bank) finance with a 50% subsidy as matching grant, subject to a maximum of ₹1,00,000 on the unit cost, whichever is less. Since 2016-17 the Corporation provides this as a back-end subsidy (i.e., released after the bank loan is disbursed) rather than acting as a direct lender.","Applicants apply through the District BC/SC Society, which functions per guidelines issued by APBCCFC; the Corporation acts as a facilitator for the subsidy rather than as a direct lending agency.",Not Specified,29-08-2026,https://vizianagaram.ap.gov.in/bc-corporation/,Verified,Tier 2,Official Andhra Pradesh district administration source. Income ceiling and specific documents not stated in the provided source.
42,,ADARANA Programme (Toolkit Scheme for BC Artisans),State,Andhra Pradesh,"Andhra Pradesh Backward Classes Cooperative Finance Corporation (APBCCFC) / BC Welfare Department, Government of Andhra Pradesh",Toolkit and equipment assistance scheme for traditional artisans from Backward Classes in Andhra Pradesh to modernise their trade tools.,Any,Not Specified,Not Specified,OBC,Not Specified,Traditional Artisan,Toolkit / equipment procurement for traditional trades,Not Specified,Applicant must belong to a Backward Class traditional artisan community in Andhra Pradesh.,"Financial assistance in three unit-cost slabs — ₹10,000, ₹20,000 and ₹30,000 — for procurement of tools and gadgets, structured as 70% subsidy, 20% loan (via NBCFDC) and 10% beneficiary contribution. The scheme targeted 105,000 beneficiaries at the ₹10,000 slab, 83,000 at the ₹20,000 slab and 67,000 at the ₹30,000 slab in its 2018-19 relaunch. A follow-on 'ADARANA PLUS' scheme was also proposed for higher-end mechanised tools above the ₹30,000 ceiling.","Applicants apply through the District BC Corporation / APBCCFC channel as per the ADARANA guidelines (G.O.Ms.No.1, BC Welfare Dept, dated 10-03-2018).",Not Specified,29-08-2026,https://teachernews.in/adarana-programme-new-guidelines-go-for-bc-communities-loans/,Needs Review,Tier 2,Guidelines are from the scheme's 2018-19 relaunch (G.O.Ms.No.1 dated 10-03-2018); current year's beneficiary targets and unit-cost slabs should be verified against the latest APBCCFC/ADARANA notification (adarana.ap.gov.in) before production use.
43,,ST Corporation Economic Support Scheme,State,Andhra Pradesh,"Andhra Pradesh Scheduled Tribes Cooperative Finance Corporation Ltd (APSTCFC / TRICOR) / Tribal Welfare Department, Government of Andhra Pradesh","Bank-linked and non-bank-linked economic support schemes for Scheduled Tribe families in Andhra Pradesh for self-employment and livelihood activities, including novel welfare schemes such as mobile dispensing units for PDS door-delivery.",Any,Not Specified,Not Specified,ST,Not Specified,Self-Employed / Entrepreneur,"Small business, transport (e.g. four-wheeler mobile dispensing units), and other income-generating activities",Not Specified,"Applicant must belong to a Scheduled Tribe community in Andhra Pradesh. For specific novel schemes (e.g. mobile dispensing units for PDS delivery), candidates are shortlisted by a Screening-cum-Selection Committee headed by the MPDO/Municipal Commissioner and consolidated by the Project Officer, ITDA or District Tribal Welfare Officer (for non-ITDA areas).","Economic support schemes are implemented with loan tie-up from banks and directly by the District ST Corporation, in convergence with line departments. A specific novel scheme provided 700 four-wheeler mini-truck mobile dispensing units (unit cost approximately ₹5.81 lakh) for door-delivery of PDS commodities to ST beneficiaries.","Applicants apply through the District ST Corporation office or, for novel/targeted schemes, through the Project Officer, ITDA / District Tribal Welfare Officer (Non-ITDA areas), following a Screening-cum-Selection Committee process.",Not Specified,29-08-2026,https://krishna.ap.gov.in/st-corporation/ / https://cdn.s3waas.gov.in/s30777d5c17d4066b82ab86dff8a46af6f/uploads/2020/11/2020112155.pdf,Verified,Tier 2,"General ST Corporation economic-support activity is well documented at the district level; the mobile dispensing unit example is one specific novel scheme (from a 2020 Government Order) rather than the Corporation's full scheme catalogue. General loan amount, interest rate and income ceiling for the broader Economic Support Scheme are not specified in the sources reviewed and should be verified against the current STAP (ST Action Plan) notification."
44,,Differently Abled Persons Self-Employment Subsidy Scheme,State,Andhra Pradesh,"Andhra Pradesh Differently Abled and Senior Citizens Assistance Corporation (APDASCAC) / Department of Welfare of Differently Abled, Transgender and Senior Citizens, Government of Andhra Pradesh",Subsidy and loan assistance (including NHFDC-linked loans) for persons with disabilities in Andhra Pradesh to take up self-employment ventures.,Any,Not Specified,Not Specified,GENERAL/SC/ST/OBC,Not Specified,Not Specified,Self-employment ventures (general),Yes,Applicant must be a person with disability registered with APDASCAC in Andhra Pradesh. Loans for self-employment are channelled in coordination with the National Handicapped Finance and Development Corporation (NHFDC).,"APDASCAC sanctions subsidy to persons with disabilities willing to take up self-employment, and separately facilitates NHFDC loans for self-employment to persons with disabilities in the district. APDASCAC also separately provides free Aids & Appliances (tricycles, wheelchairs, hearing aids, Braille slates, etc.) to persons with disabilities whose family income is below ₹1,00,000 per annum, applied for via the apdascac.com portal — this is a distinct benefit from the self-employment subsidy.","Applicants apply through the District Office of the Department for Welfare of Differently Abled (Assistant Director, Welfare of Differently Abled & Senior Citizens) or via NHFDC-linked bank channels, per district-level announcements.",Disability Certificate / UDID; Aadhaar Card; Income Certificate; Bank Account Details; other documents as specified by APDASCAC.,29-08-2026,https://vizianagaram.ap.gov.in/differentlyabled/ / https://ananthapuramu.ap.gov.in/notice/announcement-apdascac-nhfdc-sanction-of-loans-for-persons-with-disabilities-for-self-employment-under-nhfdc/,Verified,Tier 2,"Exact loan amount, interest rate and disability percentage threshold for the self-employment subsidy specifically (as distinct from the ₹1 lakh income ceiling stated for the Aids & Appliances benefit) are not specified in the sources reviewed; verify against the current APDASCAC scheme guidelines."
45,,Minorities Self-Employment Subsidy Scheme,State,Andhra Pradesh,"Andhra Pradesh State Minorities Finance Corporation Ltd (APSMFC) / Minorities Welfare Department, Government of Andhra Pradesh","Subsidy-linked bank loan scheme for weaker-section minority individuals in Andhra Pradesh (Muslims, Christians, Sikhs, Buddhists, Parsis, Jains) to set up self-employment units in ISB (Industry, Service, Business), transport, and agriculture & allied activities.",Any,Not Specified,Not Specified,Not Specified,75000,Self-Employed / Entrepreneur,"Industry, Service, Business (ISB); Transport; Agriculture and allied activities",Not Specified,"Applicant must belong to a notified minority community (Muslim, Christian, Sikh, Buddhist, Parsi or Jain) in Andhra Pradesh. Annual family income ceiling under the 'Subsidy Grant for Bankable Scheme' was enhanced from ₹50,000 to ₹75,000 per a Government Order.","Maximum unit cost of ₹2 lakh, with the Corporation providing 50% subsidy subject to a maximum of ₹1,00,000, the beneficiary contributing 10% of the unit cost, and the remaining 40% financed as a bank loan. The Corporation also runs self-employment training programmes for unemployed minority youth, including school dropouts.",Applicants apply through APSMFC district offices or the Corporation's online/OBMMS channel; schemes have in recent years been implemented under the state's Navaratnalu welfare umbrella.,Not Specified,29-08-2026,https://kakinada.ap.gov.in/departments/andhra-pradesh-state-minorities-finance-corporation-limited/ / http://apsmfc.com/i/gortno273.pdf,Verified,Tier 2,Some district pages note that no subsidy scheme was implemented in certain recent years (e.g. 2019-20 to 2021-22) due to funding constraints; current-year scheme availability should be verified with APSMFC before production use.
46,,Auto Driver Sevalo Scheme (formerly YSR Vahana Mitra),State,Andhra Pradesh,"Transport, Roads and Buildings Department, Government of Andhra Pradesh","Annual financial assistance to self-owned auto-rickshaw, taxi and maxi-cab drivers in Andhra Pradesh to help meet vehicle maintenance, insurance and fitness-related expenses, supporting their self-employed livelihood.",Any,Not Specified,Not Specified,GENERAL/SC/ST/OBC,Not Specified,Auto/Taxi/Maxi-Cab Driver,"Passenger transport (auto-rickshaw, taxi, maxi-cab)",Not Specified,"Applicant must be a permanent resident of Andhra Pradesh, own and personally drive the vehicle (auto-rickshaw, taxi or maxi-cab), hold a valid driving licence, registration certificate and (for cabs) tax receipt, and belong to the Below Poverty Line / white ration card category. Only one vehicle per family is eligible; government employees/pensioners (other than sanitation workers) and beneficiaries of other occupational-group schemes are excluded.","Annual financial assistance of ₹10,000 per beneficiary was provided under the scheme when it was known as YSR Vahana Mitra (2019-2024); more recent reporting indicates the scheme has been renamed the 'AP Auto Driver Sevalo Scheme' under the current state government, with the annual amount reported as ₹15,000.","Applicants apply online through the state's beneficiary management portal (previously the Navasakam Beneficiary Management Portal) using Aadhaar-based OTP verification, or through village/ward volunteers.",Aadhaar Card; White Ration Card; Driving Licence; Vehicle Registration Certificate; Pollution Certificate; Bank Account Details; Caste Certificate (if applicable).,29-08-2026,https://cleartax.in/s/ysr-vahana-mitra / https://schemesinindia.in/schemes/andhra-pradesh,Needs Review,Tier 3,"This scheme was rebranded after the June 2024 change of government in Andhra Pradesh (from YSRCP to the TDP-led NDA coalition), which renamed several 'YSR'/'Jagananna'-prefixed welfare schemes; sources conflict on whether the current benefit amount is ₹10,000 or ₹15,000 per year. Verify the current scheme name, portal and benefit amount against an official Andhra Pradesh government source before production use."
47,,Zero Interest Loan Scheme for Women SHGs (Sunna Vaddi),State,Andhra Pradesh,"Society for Elimination of Rural Poverty (SERP) / Mission for Elimination of Poverty in Municipal Areas (MEPMA), Government of Andhra Pradesh","Interest reimbursement scheme for women Self-Help Group (SHG) members in Andhra Pradesh, under which the state government pays the bank interest on SHG loans repaid on schedule, effectively making the loan interest-free to the borrower.",Female,Not Specified,Not Specified,Not Specified,Not Specified,Self-Help Group member,Any SHG-financed income-generating activity,Not Specified,"Applicant must be a woman member of a registered Self-Help Group (rural, via SERP, or urban, via MEPMA) in Andhra Pradesh with an outstanding bank loan account (historically up to ₹5 lakh eligible; interest reimbursement was reported as applicable up to ₹3 lakh of loan balance in a more recent year). SHG loan accounts declared NPA (Non-Performing Asset) as of the specified cut-off date are not eligible. The SHG must have repaid at least a minimum percentage of the outstanding loan balance each month to remain eligible for that month's zero-interest benefit.","The government reimburses the interest paid by eligible SHG women on their bank loans directly into their bank accounts, effectively providing the loan at zero net interest, provided repayment instalments are made on schedule.","Beneficiaries are identified through SERP (rural) / MEPMA (urban) records and village/ward volunteer-led surveys; no separate loan application is needed beyond being a member of an eligible, regularly-repaying SHG.",Proof of SHG membership; Aadhaar Card; Bank Account Details; Residence Proof.,29-08-2026,https://schemes.vikaspedia.in/viewcontent/schemesall/state-specific-schemes/welfare-schemes-of-andhra-pradesh/ysr-sunna-vaddi-pathakam / https://schemesinindia.in/schemes/andhra-pradesh,Needs Review,Tier 3,"This scheme was launched and popularly known as 'YSR Sunna Vaddi' under the previous government; one 2026-dated secondary source still uses this name in the context of crop loans for farmers, suggesting the SHG-focused version and a separate farm-loan version may both exist or the branding may vary by use-case. Verify the current official name, eligibility loan-balance ceiling (₹3 lakh vs ₹5 lakh cited in different sources) and administering scheme name under the current Andhra Pradesh government before production use."
48,,Kapu Swayam Upadhi (Economic Assistance) Scheme,State,Andhra Pradesh,"Andhra Pradesh State Kapu Welfare and Development Corporation Limited / EWS Welfare Department, Government of Andhra Pradesh","Economic assistance scheme for economically weaker persons from the Kapu, Balija, Telaga and Ontari communities in Andhra Pradesh to take up self-employment activities.",Any,21,45,Not Specified,Not Specified,Self-Employed / Entrepreneur,Not Specified,Not Specified,"Applicant must belong to the Kapu, Balija, Telaga or Ontari community and be aged between 21 and 45 years, and be economically weaker / living below the poverty line.","Financial assistance (subsidy loan) of up to ₹2 lakh per beneficiary to take up various self-employment works, under programmes including 'Chandranna Swayam Upadhi' and a Group MSME programme; a 50% subsidy component on business loans has also been described for related OBMMS-administered schemes.","Applicants register and apply online through the AP Kapu Welfare and Development Corporation portal (kapuwelfare.apcfss.in) or the state's AP OBMMS portal (apobmms.cgg.gov.in), selecting the Kapu category.",Aadhaar Card; PAN Card; Voter ID / Driving Licence; Income Certificate; Caste Certificate; Bank Account Passbook; Residence Proof; Birth Certificate.,29-08-2026,https://teachernews.in/ap-kapu-scheme-loan-online-application/ / https://kapuwelfare.apcfss.in/,Needs Review,Tier 3,"Loan amount and sub-scheme names (Chandranna Swayam Upadhi, Group MSME Program) reflect naming under the current government as of the source's 2025 publication date; scheme branding for Kapu welfare programmes has changed with changes in government in the past, so current terms should be verified against the official Kapu Welfare Corporation portal."
49,,EWS Certificate-Linked Reservation Benefits,Central/State,Andhra Pradesh,"Andhra Pradesh State Economically Backward Classes Welfare and Development Corporation / Department of Economically Weaker Sections (EWS) Welfare, Government of Andhra Pradesh","10% reservation in government jobs and educational admissions for Economically Weaker Sections (EWS) of the General/Open Category in Andhra Pradesh, under the Constitution (103rd Amendment) Act, 2019, evidenced by an EWS Certificate.",Any,Not Specified,Not Specified,GENERAL,800000,Not Specified,Not Applicable,Not Specified,"Applicant must belong to the General (Open) Category, i.e., not otherwise covered under existing SC/ST/OBC reservation. Eligibility follows the Central Government's EWS criteria (gross annual family income below ₹8 lakh, along with land and property-holding limits), as adopted by Andhra Pradesh per its 2019-21 Government Orders implementing the 103rd Constitutional Amendment.","Provides a 10% reservation quota in admissions to educational institutions and in initial recruitment to posts and services under the Andhra Pradesh state government, mirroring the reservation structure earlier used for the Kapu community's EWS-based benefits.",Applicants apply for the EWS Certificate through the MeeSeva portal or local Revenue (Tahsildar) office by submitting income and asset details; the certificate is then used to claim reservation benefits in the relevant application (education or employment).,Aadhaar Card; Income Certificate; Asset/property declaration documents; Residence/Domicile proof; Passport-size photograph; self-attested affidavit.,29-08-2026,https://aphc.gov.in/docs/6609092021.pdf / https://beincareer.com/ews-certificate-ap-telangana-2026/,Needs Review,Tier 3,"This is a reservation-benefit mechanism rather than a direct cash loan/subsidy scheme, distinct in nature from other rows in this sheet; included here as it is a significant AP welfare provision relevant to Economically Weaker Sections. The ₹8 lakh income ceiling reflects the Central Government's EWS criteria as replicated by AP; some secondary sources cite a much lower historical AP-specific threshold (e.g., ₹60,000, used for a different, older 'weaker section' definition in education) — the ₹8 lakh figure is the current EWS (103rd Amendment) threshold and should not be confused with that older, unrelated definition."
50,,Novel Welfare Self-Employment Scheme (SC Corporation),State,Andhra Pradesh,"Andhra Pradesh Scheduled Castes Cooperative Finance Corporation (APSCCFC) / Social Welfare Department, Government of Andhra Pradesh","Sector-specific novel welfare self-employment schemes for Scheduled Caste beneficiaries in Andhra Pradesh, such as providing four-wheeler mini-truck mobile dispensing units for door-delivery of rice and essential commodities under the Public Distribution System (PDS).",Any,Not Specified,Not Specified,SC,Not Specified,Self-Employed,PDS door-delivery mobile dispensing unit (four-wheeler mini truck),Not Specified,"Applicant must belong to Scheduled Caste and be selected for the specific novel welfare unit (e.g., PDS mobile dispensing unit) under the District SC Cooperative Society's action plan for the relevant financial year.","Provision of a four-wheeler mini-truck mobile dispensing unit with a unit cost of approximately ₹5,81,190 for sustainable livelihood and door-delivery of rice and other essential commodities to ration card holders under the Public Distribution System.","Applicants apply through the District SC Cooperative Society, which selects beneficiaries as part of its annual welfare self-employment action plan.",Not Specified,29-08-2026,https://krishna.ap.gov.in/sc-corporation/,Verified,Tier 3,"This is one specific, narrowly-targeted novel scheme cited on an official district page rather than a broad, ongoing state-wide scheme; the number of units and continuation of this specific scheme in the current financial year should be verified against the latest SCAP (SC Action Plan) before production use."
51,,Sikkim Skilled Youth Startup Scheme was launched in 2020 and is implemented by the Department of Commerce & Industries which aims at assisting the educated unemployed youth in setting up a myriad of enterprises through loans with back-ended financial subsidy assistance.,State,Sikkim,"Commerce & Industries Department, Government of Sikkim",A state entrepreneurship scheme providing bank-linked loans with back-ended capital subsidy assistance to educated unemployed youth of Sikkim for establishing viable self-employment and business ventures.,Any,18,45,GENERAL,800000,800000,Manufacturing; Service; Business; Agriculture & Allied Activities; Food Processing; Tourism; Retail; Handloom & Handicrafts,Not Specified,"Applicant must be a permanent resident of Sikkim and possess a Certificate of Identification (COI), Sikkim Subject Certificate or Residential Certificate for urban areas. Applicant must be unemployed and have passed at least Class V. Only one member of a family can avail benefits under the scheme. Family income should not exceed ₹8 lakh per annum. Applicants for technical projects/manufacturing/service activities must possess the relevant technical qualification/certificate. Applicant must not be a defaulter with State Bank of Sikkim or other banks. Persons who have already received subsidy under CMSS or PMEGP are not eligible. Government employee eligibility is restricted as specified in the scheme guidelines.","Bank loan assistance is provided with back-ended capital subsidy. Subsidy is 50% of project cost for eligible BPL applicants and 35% for other eligible applicants, subject to the scheme's prescribed limits. The applicant contributes the prescribed portion of project cost and the remaining amount is financed through a bank loan. Entrepreneur Development Training is also provided to selected applicants.",Applicant submits the prescribed application form with the required documents and project report to the concerned District Industries Centre/Commerce & Industries Department. Applications are scrutinized by the designated selection committee. Approved projects are forwarded to the concerned bank for loan sanction. Selected applicants undergo the prescribed entrepreneur development training before disbursement.,Passport-size photographs; Sikkim Subject Certificate/Certificate of Identification/Residential Certificate; Educational certificates and mark sheets; Birth certificate/age proof; Project Report/DPR; Voter Card/address proof; Valid Unemployment Card; Land Parcha and Land Lease Agreement where applicable; Required permits/licences; BPL Certificate where applicable; Income Certificate; NOC from SABCO/SIDICO where applicable.,29-08-2026,https://industries.sikkim.gov.in/ https://www.sikkim.gov.in/,Verified,Tier 1,"State-specific entrepreneurship scheme for Sikkim youth. Scheme launched with effect from 15 August 2020. Applicant age must be 18–45 years, applicant must be unemployed, and minimum educational qualification is Class V. Annual family income ceiling is ₹8 lakh. Subsidy is generally 35% for eligible applicants and 50% for BPL applicants; current Sikkim government material also specifically mentions 50% subsidy for PwD entrepreneurs. Disability is therefore not marked as a general eligibility requirement. Only one member of a family can avail the scheme. The scheme supports multiple sectors including manufacturing, services, business, agriculture and allied activities, food processing, tourism, retail and handicrafts. Exact project-cost limits vary by activity."
52,,Krishak Bakri Palan Yojna,State,himachal pradesh,"Department of Animal Husbandry, Government of Himachal Pradesh",A Himachal Pradesh government scheme providing goat units at 60% subsidy to eligible goat farmers to improve income-generation opportunities and increase meat production.,Any,Not Specified,Not Specified,General,200000,Farmer,Goat Farming; Animal Husbandry; Livestock,Not Specified,"Applicant must be a farmer/goat farmer belonging to Himachal Pradesh. Farmers from all categories including General, SC, ST, BPL, women and landless persons are eligible. Training/awareness in goat husbandry is mandatory. Preference is given to unemployed SC/ST/women/general-category persons, families with no government employee, persons with annual income not exceeding ₹2 lakh, and persons who have constructed their own goat shed or a shed under MGNREGA. The beneficiary must undertake not to sell the allotted goat units for at least two years.","Eligible beneficiaries receive goat units of 11 goats (10 female + 1 male), 5 goats (4 female + 1 male), or 3 goats (2 female + 1 male) at 60% subsidy. Insurance and feed/fodder support are also provided for goats during the last trimester of pregnancy.","Applications are collected through Veterinary Officers, who verify eligibility. After verification, applications are forwarded through the concerned Senior Veterinary Officer to the Deputy Director of Animal Husbandry. Beneficiaries are selected on a first-come-first-served basis, after which goat units are procured and distributed.",Aadhaar; Bank Passbook; Income Certificate; Landless Certificate where applicable; Unemployment Certificate where applicable; BPL Certificate where applicable; Goat Husbandry Training Certificate; Caste Certificate where applicable for SC/ST applicants.,29-08-2026,https://hpahdbt.hp.gov.in/Home/krishk_bakri_pala_yojna https://hpahdbt.hp.gov.in/Home/registrationformbakripalan,Verified,Tier 1,"State-specific Himachal Pradesh scheme implemented by the Department of Animal Husbandry. The ₹2 lakh annual income figure is a preference criterion, not a universal income ceiling. Preference is given to applicants with annual income not exceeding ₹2 lakh. The scheme is open to farmers of all categories, including General, SC, ST, BPL, women and landless persons. At least 30% of beneficiaries should be women. Goat units are provided at 60% subsidy. Official Himachal Pradesh sources confirm the scheme is currently listed and provide an online application facility."
53,,Kerala Employment Department Self Employment Shceme for unemployed women registered in living registry,State,Kerala,"Employment Department, Government of Kerala","A self-employment scheme for economically and socially vulnerable unemployed women in Kerala, providing interest-free loans with government subsidy for starting self-employment ventures.",Female,18,55,Not Specified,100000,Entrepreneur,Self-Employment Venture,Not Specified,"For unemployed women registered in the live Register of Employment Exchanges: widows, divorced women, deserted women, spinsters above 30 years, and unmarried mothers belonging to Scheduled Tribes. The scheme also covers differently abled women and wives of bedridden patients as specified in the scheme. Spinsters must be above 30 years. Annual family income must not exceed ₹1 lakh. Preference is given to applicants with professional or technical qualifications. Required marital/status conditions must be supported by certificates from the prescribed authority","Interest-free loan up to ₹50,000 for starting self-employment ventures. 50% of the loan is reimbursed as government subsidy, subject to a maximum subsidy of ₹25,000. Repayment is through 60 equal monthly instalments. For ventures requiring more than ₹50,000, the beneficiary contributes 10% and pays 3% flat interest on the amount exceeding ₹50,000. After repayment of at least 50% of the original loan and successful operation of the venture, an additional loan of up to 80% of the original loan amount may be available at nominal interest. No security is required.",Application forms are available free of cost from the Employment Exchange where the applicant is registered. The application is submitted there along with the detailed project report and income certificate. The Employment Exchange verifies the application and forwards it through the concerned District Employment Exchange. Scrutinised applications are placed before the District Committee for Saranya for sanction. The sanctioned loan is directly transferred to the applicant's bank account by the Employment Department.,"Detailed Project Report; Income Certificate from Village Officer; Community Certificate where applicable; Certificate proving marital/status eligibility as applicable; Employment Exchange registration/live Register status; relevant certificates for widowhood, divorce, desertion, unmarried motherhood, disability or wife of bedridden patient as applicable.",29-08-2026,https://employment.kerala.gov.in/wp-content/uploads/2020/12/Saranya-scheme-Guidelines.pdf https://employment.kerala.gov.in/wp-content/uploads/2020/12/Saranya-Form.pdf,Verified,Tier 1,"Kerala State Government scheme sanctioned vide GO(P) No.81/2010/Labour dated 24-07-2010. Annual family income ceiling is ₹1 lakh. The general age range is 18–55 years, while the source specifically requires spinsters to be above 30 years. Target beneficiaries include unemployed widows, divorced women, deserted women, spinsters above 30, and unmarried mothers belonging to Scheduled Tribes, along with differently abled women and wives of bedridden patients as specified by the scheme. Loan is interest-free up to ₹50,000, with 50% government subsidy subject to a maximum of ₹25,000. Applications are made through the Employment Exchange where the applicant is registered."
54,,Motivation of Unemployed Persons To Start Self-Employed Enterprises Scheme (MUPSES),State,Puducherry,"District Industries Centre, Government of Puducherry",A Puducherry Government scheme to encourage unemployed persons to start self-employment enterprises in manufacturing and service sectors through bank/financial-institution finance with project-cost subsidy,Any,Not Specified,Not Specified,General,Not Specified,Entrepreneur,Manufacturing; Service; Self-Employment,Not Specified,"Applicant must be a resident of the Union Territory of Puducherry. Applicant must be unemployed. Educational qualification is the ability to read and write. Age eligibility is as per existing Bank norms. Eligible activities include services, industrial activities and self-employment manufacturing/service units such as mechanized laundry, beauty parlour/salon, tailoring units and hygienic tea/coffee stalls.","Project cost up to ₹2,00,000 can be financed through Banks/Financial Institutions. For Puducherry District including Mahe and Yanam, subsidy is 50% of project cost excluding pre-operative and preliminary expenses for projects up to ₹50,000. For project cost above ₹50,000 and below ₹2,00,000, subsidy is 35% of project cost excluding pre-operative and preliminary expenses, subject to a maximum subsidy of ₹35,000.",The beneficiary has to approach the concerned District Industries Centre/Technical Officer for further details and complete the formalities required by the Banks. Loan disbursement takes place after completion of the required bank formalities.,Not Specified,29-08-2026,https://yanam.gov.in/scheme/scheme-mupses/,Verified,Tier 1,"State Government scheme applicable to unemployed men and women residing in the Union Territory of Puducherry. Scheme period stated as 01-01-2021 to 31-12-2031. No income limit is prescribed in the provided source. Age is as per existing Bank norms, so no specific minimum or maximum age is recorded. Project cost is up to ₹2 lakh. Subsidy structure differs according to project cost. Disability is not specified as an eligibility requirement."
55,,Community Canning & Training on Fruit Preservation,State,Assam,"Directorate of Horticulture and Food Processing, Assam","A training scheme providing practical training in fruit and vegetable preservation and canning techniques for preparation of value-added products such as jam, jelly, pickles, squash, sauce and chutney.",Any,Not Specified,Not Specified,General,Not Specified,Farmer,Food Processing; Fruit Preservation; Canning,Not Specified,The scheme provides training through Community Canning and Training Centres in Assam. The official source particularly mentions dissemination of fruit-preservation techniques to women. Training is conducted at field level as well as at the centres.,"Training in preservation of locally available seasonal fruits and vegetables and preparation of value-added products including jam, jelly, pickles, squash, sauce and chutney. The training can support skill development and income-generating activities.","Training is conducted through Community Canning and Training Centres under the Directorate of Horticulture and Food Processing, Assam. The official source does not specify a detailed application procedure.",Not Specified,29-08-2026,https://dirhorti.assam.gov.in/sites/default/files/swf_utility_folder/departments/horticulture_medhassu_in_oid_5/portlet/level_1/files/Activities%20of%20DDA%28FP%29%2C%20Ulubari.pdf,Verified,Tier 1,"The office of Deputy Director of Agriculture (Fruit Preservation), Assam was created in 1978 and transferred to the Directorate of Horticulture and Food Processing in 2008. The scheme operates through Community Canning and Training Centres. The official Assam source states that there are 21 centres covering 19 districts. Training focuses on preservation of seasonal fruits and vegetables and preparation of value-added products. No specific age, income ceiling or disability eligibility is specified in the official source. Women are specifically mentioned as a target of the training outreach"
56,,Financial Assistance to Disabled Person for Self-Employment,State,Maharashtra,"Social Welfare Department, Government of Maharashtra","A Maharashtra State Government scheme providing financial assistance to unemployed persons with disabilities for self-employment, small-scale businesses and agro-based projects.",Any,18,50,Not Specified,100000,Entrepreneur,Self-Employment; Small-Scale Business; Agro-Based Project,Yes,"Applicant must have a minimum 40% disability, be a domicile of Maharashtra and be unemployed. The scheme covers persons with disabilities under the 21 disability categories recognised under the Rights of Persons with Disabilities Act, 2016, as stated in the source. Application is to be submitted in the prescribed format to the concerned District Social Welfare Officer, Zilla Parishad, or Assistant Commissioner Social Welfare Office for Mumbai Urban and Mumbai Suburban.","Financial assistance up to ₹1,50,000 is provided for self-employment. 80% of the amount is provided as a loan through a nationalized bank and 20% or up to ₹30,000, whichever is applicable, is provided as subsidy by the Social Welfare Department.","Submit the prescribed application form along with the necessary documents to the concerned District Social Welfare Officer, Zilla Parishad, or Assistant Commissioner Social Welfare Office for Mumbai Urban and Mumbai Suburban.","Submit the prescribed application form along with the necessary documents to the concerned District Social Welfare Officer, Zilla Parishad, or Assistant Commissioner Social Welfare Office for Mumbai Urban and Mumbai Suburban.",29-08-2026,https://depwd.maharashtra.gov.in/en/scheme/financial-assistance-to-disabled-person-for-self-employment/,Verified,Tier 1,"Maharashtra State Government scheme. Scheme date is stated as 01-12-2023 onwards in the source. Minimum disability requirement is 40%. Annual family income must be below ₹1 lakh. Age requirement is 18–50 years. Maximum financial assistance is ₹1.5 lakh, structured as 80% bank loan and 20% subsidy, with subsidy capped at ₹30,000. Disability status is Yes. Category is Not Specified because the source does not prescribe SC/ST/OBC/General/EWS as an eligibility category."
57,,Motorised Sewing Machines for Differently Abled Persons,State,Tamil Nadu,"Commissionerate for Welfare of Differently Abled, Tamil Nadu",Free motorised sewing machines are provided to eligible differently abled persons and mothers of severely intellectually disabled persons to support tailoring-related livelihood activities.,Any,18,Not Specified,Not Specified,Not Specified,Tailor,Tailoring,Yes,"Eligible persons must be hearing impaired, locomotor disabled or intellectually disabled and above 18 years of age. Mothers of severely intellectually disabled persons are also eligible. A National Identity Card for Differently Abled and Tailoring Certificate are required.",Motorised sewing machines are provided free of cost to eligible beneficiaries.,No prescribed application form is required. Application is to be submitted to the District Differently Abled Welfare Officer.,National Identity Card for Differently Abled; Tailoring Certificate,29-08-2026,https://www.scd.tn.gov.in/self_emp_sub_schemes.php,Verified,Tier 1,"The scheme provides motorised sewing machines free of cost. Eligible groups include hearing impaired persons, persons with locomotor disability, persons with intellectual disability above 18 years, and mothers of severely intellectually disabled persons. No prescribed application form is required. Income limit and maximum age are not specified in the provided sourc"
58,,Saksham,Central,All India,"National Backward Classes Finance and Development Corporation (NBCFDC), Ministry of Social Justice and Empowerment",Special term-loan scheme for young professionals belonging to Backward Classes for self-employment activities.,Any,Not Specified,Not Specified,OBC,103000,Entrepreneur / Young Professional,Professional Self-Employment Activities,Not Specified,"Applicant must belong to the Backward Classes target group and be a young professional. The source states that members of Backward Classes having annual family income less than double the poverty line are eligible, with the stated income limits being ₹81,000 per annum for rural areas and ₹1,03,000 per annum for urban areas.","Term loan assistance up to ₹10,00,000 per beneficiary. Loan up to ₹5,00,000 carries interest at 6% per annum, while loan above ₹5,00,000 and up to ₹10,00,000 carries interest at 8% per annum. NBCFDC finances 85% of the project cost.",Loan is provided through NBCFDC's implementing/channel partners under the term-loan framework. The applicant must submit the prescribed loan application and fulfil the requirements of the concerned implementing agency.,Not Specified,29-08-2026,https://socialjustice.gov.in/schemes/13?mid=32549,Need to be Verified,Tier 2,"This source describes Saksham as a special Term Loan scheme for young professionals belonging to Backward Classes. Maximum loan is ₹10 lakh per beneficiary. Interest is 6% p.a. for loans up to ₹5 lakh and 8% p.a. for the portion above ₹5 lakh up to ₹10 lakh. NBCFDC loan component is 85% of project cost. The source gives separate double-poverty-line income limits of ₹81,000 for rural areas and ₹1,03,000 for urban areas. Since the source does not provide a specific numerical age range for ""young professional"", min_age and max_age are kept as Not Specified. Documents and exact application procedure are also not specified in the provided source."
59,,Swarojgar Yojna (Self Employment Scheme),State,Himachal Pradesh,Not Specified,Provides bank financing with capital subsidy for setting up and expanding income-generating self-employment activities for eligible SC/ST families in Himachal Pradesh.,Any,18,55,SC / ST,50000,Self-Employed / Entrepreneur,Income-Generating Activities / Self-Employment,Not Specified,Applicant must be a member of an SC or ST family and a bona fide resident of Himachal Pradesh. Applicant must not be a defaulter of any financial institution or bank.,"Bank loan assistance up to ₹50,000. Capital subsidy of 50% of project cost, subject to a maximum of ₹10,000. After interest subsidy, the applicable interest rate is stated as 4% to 6%; interest subsidy is available only in case of regular repayment.",Financial assistance is provided through banks for setting up or expanding income-generating activities.,Not Specified,29-08-2026,https://hpscstdc.hp.gov.in/scheme/swarojgar-yojna,Need to be Verified,Tier 2,"The provided source specifies an annual income ceiling of ₹50,000 for both rural and urban areas. Age eligibility is 18–55 years. The scheme is specifically for SC/ST families who are bona fide residents of Himachal Pradesh. Maximum loan is ₹50,000 and capital subsidy is 50% of project cost subject to ₹10,000. Interest after interest subsidy is stated as 4%–6%, with the subsidy available for regular repayment. The provided source does not identify the implementing department or specify required documents."
60,,Gattai Stall Scheme,State,Maharashtra,Sant Rohidas Leather Industries & Charmakar Development Corporation Ltd. (LIDCOM),"Provides 100% subsidy for a tin stall to roadside cobblers from the Scheduled Caste Charmakar community in Maharashtra, supporting their footwear repair/business activities.",Any,Not Specified,Not Specified,SC,Not Specified,Cobbler / Gattai Worker,Roadside Footwear Repair / Cobbler Work,Not Specified,Applicant must be a Scheduled Caste cobbler worker. The scheme is implemented in Maharashtra through LIDCOM. application_process_summary: Contact the relevant department / LIDCOM.,"Free iron-sheet/tin stall of size 4 ft × 5 ft × 6.5 ft for eligible roadside cobblers, with ₹500 incidental/material assistance.",Contact the relevant department / LIDCOM.,Not Specified,29-08-2026,https://lidcom.maharashtra.gov.in/en/scheme/gattai-stall-scheme/,Verified,Tier 1,"Specifically targeted at roadside cobbler workers from the Scheduled Caste community. Official Maharashtra sources confirm 100% grant-based stall assistance. The LIDCOM scheme page states stall cost of ₹16,367 plus ₹500 incidental charges."
61,,Gatidhara Scheme,State,West Bengal,"Transport Department, Government of West Bengal", Provides financial assistance and subsidy to registered unemployed youth of West Bengal for purchasing commercial vehicles and starting self-employment in the transport sector.,Any,20,45,Any,300000,Unemployed Youth,Transport Service / Commercial Vehicle,Not Specified,Applicant must be an unemployed youth of West Bengal enrolled with the Employment Bank. More than one member of the same family is not eligible. Age relaxation is available for SC/ST and OBC applicants.,"State Government subsidy for purchase of a commercial vehicle, with the remaining project cost generally financed through a bank/financial institution.","Application is submitted through the prescribed Gatidhara process, with vehicle dealers acting as facilitators; the applicant selects a financier for the required vehicle loan.","Proof of Employment Bank enrolment, age proof, residential proof, bank account proof, family income certificate, vehicle quotation, self-declaration and application for offer letter. verification_status: Verified",29-08-2026,https://transport.wb.gov.in/wp-content/uploads/2016/12/GATIDHARA-SCHEME.pdf,Verified,Tier 1,"Official Transport Department FAQ states age as completed 20 years but below 45 years as on 1 April, with relaxation of 5 years for SC/ST and 3 years for OBC. Family income must not exceed ₹25,000 per month. Subsidy is 30% of project cost subject to ₹1 lakh maximum."
62,,Rajiv Gandhi Swavlamban Rozgar Yojna,State,Delhi,"Delhi Khadi & Village Industries Board, Government of NCT of Delhi","Provides financial assistance to unemployed youth, artisans, trained professionals, skilled technocrats and entrepreneurs in Delhi for setting up or expanding permissible industries, professions, trade, transportation and service-sector activities.",Any,18,50,Any,Not Specified,Unemployed Youth / Artisan / Trade Professional / Trained Professional / Skilled Technocrat / Entrepreneur,Manufacturing / Trade / Transportation / Professional / Service Sector,Not Specified,"School and college dropouts above 18 years, individual entrepreneurs, trade professionals, artisans, candidates passed from recognized technical/professional institutions and eligible small-scale industrial units can apply. Small-scale industrial units must be located in Delhi and meet the prescribed investment conditions. Weaker sections including SC/ST/OBC/Persons with Disabilities/Women/Ex-Servicemen require lower promoter contribution.","Provides financial assistance for establishing new enterprises or expanding existing trade, business, professional and service activities in Delhi.",Application can be submitted online through the Delhi Government e-District portal or offline to the Delhi Khadi & Village Industries Board using the prescribed application form.,"Identity proof, passport-size photographs, education proof, work-site/possession or rent documents, electricity bill, relevant business/industrial registration or NOC where applicable, prescribed declaration and surety/guarantor consent.",29-08-2026,https://dkvib.delhi.gov.in/dkvib/salient-features-rajiv-gandhi-swavlamban-rozgar-yojna,verified,Tier 1,"State Government self-employment scheme implemented by Delhi Khadi & Village Industries Board. Official scheme guidelines specify eligibility, sectors, age limit and application procedure."
63,,Financial Assistance to Ex-Convicts,State,Kerala,"Department of Social Justice, Government of Kerala",Provides financial assistance to economically poor persons released from jail to help them establish livelihood and pursue self-employment.,Any,Not Specified,Not Specified,Any,Not Specified,Ex-Convict,Self-Employment / Income-Generating Activity,Not Specified,"Applicant must be an eligible person released from jail and should satisfy the conditions prescribed by the Department of Social Justice, Government of Kerala.",Financial assistance is provided to eligible ex-convicts from poor economic conditions to support livelihood and self-employment.,"Application through the prescribed procedure of the Department of Social Justice, Government of Kerala.",Not Specified,29-08-2026,https://sjd.kerala.gov.in/,verified,Tier 1,"The scheme is implemented by the Department of Social Justice, Government of Kerala and is specifically intended to support eligible ex-convicts in establishing their livelihood."
64,,Jeevanam Self-Employment Scheme to Dependents of Crime Victims,State,Kerala,"Department of Social Justice, Government of Kerala",Financial assistance to dependents of crime victims for self-employment and livelihood.,Any,Not Specified,Not Specified,Any,Not Specified,Dependent of Crime Victim,Self-Employment,Not Specified,Applicant must be an eligible dependent of a crime victim.,Financial assistance for starting self-employment.,"Application through the Department of Social Justice, Kerala.",Not Specified,29-08-2026,https://sjd.kerala.gov.in/,Verified,Tier 1,Scheme specifically supports dependents of crime victims.
65,,Financial Assistance to Mizo Students Studying at Sainik School Imphal level: State,State,Mizoram,Government of Mizoram,Financial assistance to Mizo students studying at Sainik School Imphal to help them qualify for the National Defence Academy and join the Armed Forces.,Any,Not Specified,Not Specified,Any,Not Specified,Student,Not Applicable,Not Specified,"Applicant must be a Mizo student permanently residing in Mizoram and studying at Sainik School Imphal. The student should not be covered under any other scholarship scheme. Scholarship is available for one year and may be renewed as per rules. If the cadet is declared medically unfit for entry into NDA, the scholarship will be discontinued.",Financial assistance through Direct Benefit Transfer for eligible students. application_process_summary: Not Specified,Not Specified,Not Specified,29-08-2026,https://ssimphal.nic.in/c_scholarship.htm,Verified,Tier 1,Scheme is specifically for Mizo students permanently residing in Mizoram and studying at Sainik School Imphal.
66,,Post Matric Merit Scholarship for ST Students,State,Mizoram,"Higher & Technical Education Department, Government of Mizoram",Merit scholarship for ST students to promote and encourage students who excel in their studies.,Any,Not Specified,Not Specified,ST,Not Specified,Student,Not Applicable,Not Specified,Applicant must belong to the Scheduled Tribe category and meet the merit and other conditions prescribed under the scholarship scheme.,Merit-based financial assistance for eligible ST students pursuing post-matric studies.,Application through the prescribed Mizoram scholarship process.,Not Specified,29-08-2026,https://finance.mizoram.gov.in/uploads/attachments/2025/03/834b57da3c39f6f9fa181c0dda497d13/posts-139-gender-budgeting-2025-26.pdf,Verified,Tier 1,The scheme is listed in the Government of Mizoram 2025-26 budget under Higher & Technical Education as Post Matric Merit Scholarship for ST Students.
67,,Incentive Cash Award Scheme,State,Mizoram,"Mizoram Scholarship Board, Government of Mizoram",Financial incentive to Mizo candidates who clear examinations conducted by UPSC.,Any,Not Specified,Not Specified,Any,No Income Limit,Student / Educated Youth,Not Applicable,Not Specified,Candidate must be a Mizo permanently residing in Mizoram. Applicant should not be covered under any other scholarship scheme. The incentive is available on clearing the examinations conducted by UPSC.,Cash incentive is provided to eligible Mizo candidates on clearing the specified UPSC examinations.,Scheme is implemented and administered by the Mizoram Scholarship Board.,Not Specified,29-08-2026,https://msb.mizoram.gov.in/uploads/attachments/2023/06/0bb793e5bb8b62140b2c2980e861512f/incentives-cash-award.pdf,Verified,Tier 1,The scheme aims to encourage Mizo educated youth to appear for UPSC examinations and provides financial support irrespective of annual family income.
68,,Research Grant for In-Service Faculty Members,Central,All India,"University Grants Commission (UGC), Department of Higher Education, Ministry of Education","Research grant for regularly appointed faculty members of Universities, Institutes and Colleges to undertake research.",Any,Not Specified,Not Specified,Any,No Income Limit,Faculty,Not Applicable,Not Specified,"Applicant must be a regularly appointed faculty member of a University, Institute or College and meet the eligibility conditions prescribed by UGC.",Provides research grant support to eligible in-service faculty members.,Application through the UGC prescribed process.,Not Specified,29-08-2026,https://www.ugc.gov.in/,Verified,Tier 1,The scheme is introduced by UGC under the Department of Higher Education and is intended to provide research opportunities to regularly appointed faculty members.
69,,Protection Against Domestic Violence,State,Haryana,"Women and Child Development Department, Government of Haryana","Provides legal, emotional and social support to women facing domestic violence through protection, counseling and grievance redressal",Female,Not Specified,Not Specified,Any,Not Specified,Not Specified,Not Applicable,Not Specified,"Intended for women facing domestic violence who require protection, counseling, mediation or other support services.","Provides protection, counseling, mediation and grievance redressal support to women affected by domestic violence.",Not Specified,Not Specified,29-08-2026,https://wcdhry.gov.in/protection-against-domestic-violence/,Verified,Tier 1,"The scheme focuses on legal, emotional and social support for women affected by domestic violence."